index	time	x	y	z	thing
1	1643490301011	-0.858	3.952	10.305	noname
2	1643490301014	-0.858	3.952	10.305	noname
3	1643490301015	-0.858	3.952	10.305	noname
4	1643490301016	-0.858	3.952	10.305	noname
5	1643490301017	-0.858	3.952	10.305	noname
6	1643490301018	-0.858	3.952	10.305	noname
7	1643490301019	-0.517	3.965	11.179	noname
8	1643490301038	-0.603	3.982	10.876	noname
9	1643490301039	-1.228	3.953	9.676	noname
10	1643490301045	-1.839	3.965	8.259	noname
11	1643490301055	-2.049	4.05	7.328	noname
12	1643490301067	-1.853	4.161	7.034	noname
13	1643490301075	-1.423	4.279	7.239	noname
14	1643490301085	-1.027	4.403	7.697	noname
15	1643490301095	-0.764	4.389	8.656	noname
16	1643490301105	-0.981	4.293	8.992	noname
17	1643490301115	-1.331	4.116	8.973	noname
18	1643490301125	-1.627	3.889	8.66	noname
19	1643490301135	-1.78	3.733	8.411	noname
20	1643490301145	-1.795	3.771	8.322	noname
21	1643490301155	-1.73	3.888	8.414	noname
22	1643490301165	-1.537	4.04	8.573	noname
23	1643490301175	-1.4	4.159	8.804	noname
24	1643490301185	-1.378	4.155	8.973	noname
25	1643490301196	-1.517	4.067	8.89	noname
26	1643490301206	-1.723	3.976	8.614	noname
27	1643490301216	-1.864	3.915	8.375	noname
28	1643490301226	-1.876	3.84	8.253	noname
29	1643490301236	-1.845	3.727	8.163	noname
30	1643490301248	-1.798	3.643	8.183	noname
31	1643490301256	-1.752	3.625	8.222	noname
32	1643490301266	-1.689	3.606	8.258	noname
33	1643490301276	-1.51	3.661	8.387	noname
34	1643490301286	-1.307	3.813	8.543	noname
35	1643490301296	-1.322	4.058	8.416	noname
36	1643490301306	-1.522	4.083	8.101	noname
37	1643490301316	-1.654	4.057	7.78	noname
38	1643490301326	-1.556	4.053	7.718	noname
39	1643490301336	-1.043	4.087	8.137	noname
40	1643490301346	-0.25	4.209	8.824	noname
41	1643490301356	0.367	4.337	9.599	noname
42	1643490301367	0.605	4.229	10.084	noname
43	1643490301375	0.461	4.127	10.102	noname
44	1643490301385	-0.058	4.008	9.756	noname
45	1643490301395	-0.743	3.739	9.555	noname
46	1643490301405	-1.309	3.494	9.674	noname
47	1643490301415	-1.705	3.276	9.779	noname
48	1643490301427	-1.982	2.95	9.79	noname
49	1643490301436	-2.214	2.68	9.84	noname
50	1643490301446	-2.126	2.647	9.823	noname
51	1643490301457	-1.665	2.898	9.853	noname
52	1643490301466	-0.984	3.26	9.86	noname
53	1643490301476	-0.269	3.695	9.769	noname
54	1643490301486	0.208	3.957	9.825	noname
55	1643490301496	0.162	3.632	9.484	noname
56	1643490301506	-0.345	3.12	9.191	noname
57	1643490301516	-1.022	2.589	8.984	noname
58	1643490301526	-1.644	2.07	9.082	noname
59	1643490301536	-2.06	1.678	9.297	noname
60	1643490301546	-2.113	1.504	9.394	noname
61	1643490301556	-1.71	1.623	9.699	noname
62	1643490301566	-1.255	1.867	10.203	noname
63	1643490301576	-0.693	2.225	10.484	noname
64	1643490301586	-0.108	2.736	10.305	noname
65	1643490301596	0.411	3.244	9.725	noname
66	1643490301608	0.828	3.588	8.818	noname
67	1643490301616	1.046	3.73	7.724	noname
68	1643490301626	1.125	3.894	6.804	noname
69	1643490301636	1.113	4.065	6.177	noname
70	1643490301647	0.91	4.005	6.065	noname
71	1643490301657	0.571	3.629	6.625	noname
72	1643490301666	0.282	3.066	7.599	noname
73	1643490301676	0.011	2.579	8.468	noname
74	1643490301686	-0.268	2.222	9.234	noname
75	1643490301696	-0.503	2.039	10.574	noname
76	1643490301706	-0.447	2.315	10.791	noname
77	1643490301716	-0.246	2.724	10.575	noname
78	1643490301726	0.133	3.158	10.187	noname
79	1643490301736	0.463	3.569	9.809	noname
80	1643490301746	-0.364	3.337	9.443	noname
81	1643490301757	-0.086	3.66	8.554	noname
82	1643490301767	1.022	3.442	7.914	noname
83	1643490301776	0.527	3.129	7.906	noname
84	1643490301789	0.14	2.528	7.664	noname
85	1643490301797	-0.266	1.918	7.973	noname
86	1643490301807	-0.652	1.626	8.237	noname
87	1643490301816	-0.762	1.689	8.548	noname
88	1643490301826	-0.676	2.182	8.516	noname
89	1643490301837	-0.441	2.663	7.889	noname
90	1643490301847	0.117	2.996	6.525	noname
91	1643490301857	1.013	3.339	5.298	noname
92	1643490301867	1.707	3.507	5.757	noname
93	1643490301877	2.023	3.548	6.607	noname
94	1643490301887	2.105	3.5	6.523	noname
95	1643490301897	1.886	3.291	6.493	noname
96	1643490301907	0.981	2.459	6.693	noname
97	1643490301916	0.484	2.051	6.576	noname
98	1643490301926	0.122	2.123	6.449	noname
99	1643490301936	0.199	2.681	6.388	noname
100	1643490301946	1.021	3.502	6.404	noname
101	1643490301956	2.322	4.228	7.249	noname
102	1643490301968	3.513	4.418	8.421	noname
103	1643490301976	3.839	4.158	8.995	noname
104	1643490301986	2.803	3.669	8.966	noname
105	1643490301996	1.371	2.877	8.957	noname
106	1643490302007	0.092	1.785	9.133	noname
107	1643490302017	-0.735	0.945	8.72	noname
108	1643490302027	-1.047	0.809	7.691	noname
109	1643490302037	-0.768	1.219	6.413	noname
110	1643490302047	0.044	1.809	5.498	noname
111	1643490302059	1.316	2.321	5.561	noname
112	1643490302067	2.368	2.608	5.933	noname
113	1643490302077	3.04	2.529	6.19	noname
114	1643490302086	3.71	2.356	7.203	noname
115	1643490302097	4.42	2.461	9.036	noname
116	1643490302106	3.963	1.422	12.27	noname
117	1643490302116	2.905	0.387	12.435	noname
118	1643490302126	1.741	-0.852	11.709	noname
119	1643490302136	0.891	-2.015	10.09	noname
120	1643490302148	0.48	-2.826	8.276	noname
121	1643490302156	0.994	-2.64	7.415	noname
122	1643490302167	2.721	-1.754	8.051	noname
123	1643490302177	4.769	-0.719	9.618	noname
124	1643490302187	5.936	-0.02	11.547	noname
125	1643490302197	5.855	-0.103	12.911	noname
126	1643490302207	4.794	-1.007	13.122	noname
127	1643490302217	3.632	-2.033	12.434	noname
128	1643490302227	2.998	-2.641	11.457	noname
129	1643490302237	2.95	-2.823	10.666	noname
130	1643490302247	3.681	-2.292	10.269	noname
131	1643490302257	4.884	-1.305	10.145	noname
132	1643490302267	6.226	-0.557	10.53	noname
133	1643490302277	7.195	-0.138	11.259	noname
134	1643490302288	7.419	-0.225	11.445	noname
135	1643490302297	6.929	-0.804	11.092	noname
136	1643490302308	5.331	-2.377	10.253	noname
137	1643490302318	4.912	-2.767	10.336	noname
138	1643490302329	4.774	-2.883	10.636	noname
139	1643490302338	4.591	-2.96	10.561	noname
140	1643490302347	4.666	-2.778	9.869	noname
141	1643490302358	4.969	-2.512	9.178	noname
142	1643490302368	5.253	-2.362	8.812	noname
143	1643490302377	5.459	-2.399	8.458	noname
144	1643490302387	5.52	-2.649	7.761	noname
145	1643490302397	5.288	-2.85	7.348	noname
146	1643490302407	4.916	-2.999	6.876	noname
147	1643490302417	4.75	-2.908	6.639	noname
148	1643490302427	4.872	-2.716	7.081	noname
149	1643490302437	5.186	-2.418	7.785	noname
150	1643490302447	5.522	-2.09	8.517	noname
151	1643490302458	5.728	-1.896	8.794	noname
152	1643490302467	6.027	-1.849	9.023	noname
153	1643490302476	9.377	-3.221	18.874	noname
154	1643490302486	7.383	-1.73	10.367	noname
155	1643490302496	5.641	0.29	8.632	noname
156	1643490302508	4.732	-0.399	7.456	noname
157	1643490302516	5.784	-1.171	7.177	noname
158	1643490302527	4.641	-0.254	8.721	noname
159	1643490302537	3.831	-0.552	10.187	noname
160	1643490302547	4.633	-1.236	9.876	noname
161	1643490302557	4.744	-1.535	9.043	noname
162	1643490302567	4.56	-1.656	8.738	noname
163	1643490302577	4.323	-1.641	8.674	noname
164	1643490302587	4.273	-1.49	8.635	noname
165	1643490302597	4.345	-1.191	8.717	noname
166	1643490302607	4.145	-0.952	8.573	noname
167	1643490302617	3.852	-0.715	8.499	noname
168	1643490302627	3.548	-0.496	8.666	noname
169	1643490302637	3.418	-0.472	9.226	noname
170	1643490302648	4.074	-1.402	12.975	noname
171	1643490302658	2.2	-1.857	3.878	noname
172	1643490302667	2.847	-1.738	7.874	noname
173	1643490302677	4.347	-0.737	11.135	noname
174	1643490302689	4.695	-0.866	9.594	noname
175	1643490302697	4.216	-1.825	11.207	noname
176	1643490302707	3.403	-1.602	9.075	noname
177	1643490302717	4.355	-1.104	11.688	noname
178	1643490302728	3.674	-1.525	8.089	noname
179	1643490302738	3.462	-1.342	7.138	noname
180	1643490302747	3.64	-1.089	10.141	noname
181	1643490302757	3.132	-1.038	10.819	noname
182	1643490302767	2.063	-0.965	7.857	noname
183	1643490302777	1.312	-0.878	9.725	noname
184	1643490302787	0.827	-0.75	10.335	noname
185	1643490302797	0.48	-0.806	7.548	noname
186	1643490302808	1.829	-0.712	11.975	noname
187	1643490302817	0.581	-2.736	8.381	noname
188	1643490302827	-0.091	-0.558	0.479	noname
189	1643490302838	-0.974	-0.622	-1.939	noname
190	1643490302848	-0.931	-0.898	5.41	noname
191	1643490302858	-1.182	0.499	9.216	noname
192	1643490302869	1.415	0.066	13.46	noname
193	1643490302877	1.662	-0.105	13.476	noname
194	1643490302887	0.101	0.074	6.275	noname
195	1643490302897	-0.39	-0.4	7.333	noname
196	1643490302907	0.274	-0.016	9.116	noname
197	1643490302918	0.295	-0.141	10.051	noname
198	1643490302928	0.028	-0.077	9.303	noname
199	1643490302938	0.29	-0.064	9.958	noname
200	1643490302948	0.16	-0.08	9.574	noname
201	1643490302958	0.202	-0.104	9.632	noname
202	1643490302968	0.211	-0.083	9.799	noname
203	1643490302977	0.162	-0.105	9.633	noname
204	1643490302987	0.208	-0.114	9.669	noname
205	1643490302997	0.179	-0.081	9.752	noname
206	1643490303007	0.181	-0.089	9.653	noname
207	1643490303018	0.209	-0.089	9.644	noname
208	1643490303027	0.196	-0.101	9.746	noname
209	1643490303040	0.178	-0.103	9.686	noname
210	1643490303049	0.189	-0.101	9.673	noname
211	1643490303059	0.196	-0.085	9.706	noname
212	1643490303068	0.195	-0.079	9.661	noname
213	1643490303078	0.196	-0.083	9.654	noname
214	1643490303087	0.177	-0.093	9.706	noname
215	1643490303097	0.186	-0.097	9.679	noname
216	1643490303107	0.191	-0.095	9.687	noname
217	1643490303118	0.194	-0.106	9.674	noname
218	1643490303127	0.206	-0.091	9.67	noname
219	1643490303137	0.198	-0.07	9.686	noname
220	1643490303147	0.193	-0.096	9.675	noname
221	1643490303157	0.182	-0.093	9.656	noname
222	1643490303167	0.187	-0.098	9.682	noname
223	1643490303177	0.192	-0.088	9.668	noname
224	1643490303187	0.192	-0.075	9.669	noname
225	1643490303200	0.188	-0.08	9.695	noname
226	1643490303208	0.193	-0.087	9.673	noname
227	1643490303218	0.204	-0.082	9.691	noname
228	1643490303229	0.196	-0.089	9.7	noname
229	1643490303237	0.195	-0.098	9.678	noname
230	1643490303247	0.19	-0.093	9.698	noname
231	1643490303257	0.194	-0.096	9.686	noname
232	1643490303268	0.195	-0.097	9.68	noname
233	1643490303277	0.188	-0.093	9.671	noname
234	1643490303288	0.198	-0.095	9.682	noname
235	1643490303298	0.195	-0.101	9.708	noname
236	1643490303308	0.214	-0.083	9.682	noname
237	1643490303318	0.193	-0.073	9.686	noname
238	1643490303328	0.195	-0.101	9.682	noname
239	1643490303338	0.192	-0.093	9.672	noname
240	1643490303348	0.186	-0.09	9.69	noname
241	1643490303358	0.19	-0.098	9.696	noname
242	1643490303368	0.193	-0.09	9.686	noname
243	1643490303378	0.198	-0.087	9.692	noname
244	1643490303388	0.199	-0.086	9.692	noname
245	1643490303398	0.189	-0.087	9.694	noname
246	1643490303410	0.19	-0.083	9.671	noname
247	1643490303418	0.183	-0.085	9.689	noname
248	1643490303428	0.191	-0.097	9.694	noname
249	1643490303438	0.186	-0.09	9.685	noname
250	1643490303448	0.185	-0.099	9.684	noname
251	1643490303458	0.184	-0.083	9.697	noname
252	1643490303468	0.175	-0.091	9.674	noname
253	1643490303478	0.193	-0.11	9.685	noname
254	1643490303488	0.185	-0.102	9.686	noname
255	1643490303498	0.184	-0.098	9.682	noname
256	1643490303508	0.185	-0.093	9.685	noname
257	1643490303520	0.195	-0.093	9.692	noname
258	1643490303528	0.199	-0.097	9.688	noname
259	1643490303538	0.181	-0.08	9.678	noname
260	1643490303548	0.201	-0.091	9.675	noname
261	1643490303558	0.193	-0.086	9.672	noname
262	1643490303568	0.212	-0.09	9.676	noname
263	1643490303578	0.196	-0.096	9.697	noname
264	1643490303590	0.181	-0.102	9.668	noname
265	1643490303598	0.183	-0.09	9.683	noname
266	1643490303608	0.192	-0.089	9.668	noname
267	1643490303619	0.192	-0.108	9.682	noname
268	1643490303628	0.191	-0.09	9.686	noname
269	1643490303638	0.2	-0.093	9.695	noname
270	1643490303648	0.205	-0.093	9.703	noname
271	1643490303658	0.19	-0.094	9.668	noname
272	1643490303669	0.21	-0.106	9.697	noname
273	1643490303678	0.211	-0.099	9.676	noname
274	1643490303688	0.199	-0.086	9.689	noname
275	1643490303698	0.181	-0.083	9.699	noname
276	1643490303708	0.181	-0.093	9.676	noname
277	1643490303718	0.186	-0.081	9.677	noname
278	1643490303728	0.19	-0.1	9.667	noname
279	1643490303738	0.195	-0.106	9.683	noname
280	1643490303748	0.193	-0.096	9.692	noname
281	1643490303758	0.194	-0.097	9.676	noname
282	1643490303770	0.206	-0.098	9.676	noname
283	1643490303778	0.204	-0.091	9.671	noname
284	1643490303788	0.189	-0.092	9.686	noname
285	1643490303798	0.183	-0.079	9.681	noname
286	1643490303808	0.192	-0.088	9.698	noname
287	1643490303819	0.181	-0.09	9.71	noname
288	1643490303828	0.177	-0.084	9.685	noname
289	1643490303838	0.198	-0.096	9.689	noname
290	1643490303848	0.187	-0.076	9.689	noname
291	1643490303858	0.184	-0.101	9.676	noname
292	1643490303870	0.192	-0.104	9.676	noname
293	1643490303880	0.186	-0.102	9.676	noname
294	1643490303888	0.201	-0.088	9.671	noname
295	1643490303898	0.195	-0.095	9.692	noname
296	1643490303908	0.195	-0.093	9.68	noname
297	1643490303919	0.178	-0.081	9.68	noname
298	1643490303928	0.214	-0.099	9.676	noname
299	1643490303938	0.193	-0.105	9.689	noname
300	1643490303955	0.18	-0.101	9.686	noname
301	1643490303960	0.19	-0.091	9.701	noname
302	1643490303968	0.186	-0.076	9.674	noname
303	1643490303979	0.199	-0.109	9.685	noname
304	1643490303988	0.206	-0.11	9.694	noname
305	1643490303999	0.193	-0.091	9.68	noname
306	1643490304009	0.188	-0.098	9.69	noname
307	1643490304018	0.207	-0.103	9.683	noname
308	1643490304029	0.183	-0.091	9.683	noname
309	1643490304039	0.184	-0.11	9.667	noname
310	1643490304049	0.206	-0.098	9.685	noname
311	1643490304059	0.19	-0.087	9.693	noname
312	1643490304069	0.21	-0.095	9.693	noname
313	1643490304079	0.199	-0.093	9.657	noname
314	1643490304089	0.175	-0.086	9.676	noname
315	1643490304099	0.202	-0.08	9.708	noname
316	1643490304109	0.197	-0.093	9.699	noname
317	1643490304119	0.207	-0.092	9.683	noname
318	1643490304131	0.201	-0.088	9.686	noname
319	1643490304139	0.074	-0.441	6.908	noname
320	1643490304149	0.03	0.499	13.726	noname
321	1643490304159	0.084	-0.115	8.752	noname
322	1643490304169	1.058	-0.34	9.382	noname
323	1643490304181	-0.446	0.179	8.966	noname
324	1643490304188	0.57	-0.25	10.53	noname
325	1643490304198	-0.098	-0.306	9.525	noname
326	1643490304208	0.073	0.218	9.189	noname
327	1643490304219	0.189	-0.243	10.651	noname
328	1643490304229	0.279	-0.208	9.06	noname
329	1643490304239	0.28	0.19	9.644	noname
330	1643490304250	0.241	-0.052	10.041	noname
331	1643490304259	0.137	-0.2	9.513	noname
332	1643490304269	0.174	0.026	9.582	noname
333	1643490304279	0.104	-0.198	9.848	noname
334	1643490304288	0.205	-0.204	9.627	noname
335	1643490304299	0.248	0.008	9.548	noname
336	1643490304310	0.226	-0.113	9.789	noname
337	1643490304320	0.183	-0.114	9.757	noname
338	1643490304329	0.156	-0.154	9.791	noname
339	1643490304339	0.196	-0.078	9.701	noname
340	1643490304349	0.207	-0.018	9.601	noname
341	1643490304359	0.224	-0.108	9.728	noname
342	1643490304369	0.228	-0.126	9.735	noname
343	1643490304380	0.165	-0.098	9.656	noname
344	1643490304389	0.169	-0.089	9.655	noname
345	1643490304399	0.169	-0.116	9.738	noname
346	1643490304409	0.19	-0.11	9.68	noname
347	1643490304419	0.223	-0.066	9.637	noname
348	1643490304428	0.199	-0.075	9.734	noname
349	1643490304438	0.206	-0.093	9.645	noname
350	1643490304448	0.186	-0.104	9.655	noname
351	1643490304459	0.17	-0.096	9.726	noname
352	1643490304469	0.189	-0.111	9.651	noname
353	1643490304479	0.2	-0.1	9.658	noname
354	1643490304491	0.225	-0.06	9.691	noname
355	1643490304499	0.222	-0.11	9.653	noname
356	1643490304509	0.192	-0.117	9.685	noname
357	1643490304519	0.171	-0.093	9.71	noname
358	1643490304529	0.189	-0.083	9.682	noname
359	1643490304539	0.211	-0.103	9.71	noname
360	1643490304549	0.207	-0.09	9.659	noname
361	1643490304559	0.21	-0.094	9.649	noname
362	1643490304569	0.196	-0.117	9.703	noname
363	1643490304579	0.173	-0.086	9.682	noname
364	1643490304589	0.177	-0.088	9.682	noname
365	1643490304599	0.199	-0.102	9.71	noname
366	1643490304609	0.205	-0.074	9.677	noname
367	1643490304619	0.202	-0.078	9.679	noname
368	1643490304629	0.197	-0.093	9.677	noname
369	1643490304643	0.192	-0.101	9.686	noname
370	1643490304649	0.193	-0.099	9.694	noname
371	1643490304659	0.189	-0.078	9.673	noname
372	1643490304671	0.203	-0.105	9.68	noname
373	1643490304679	0.198	-0.095	9.691	noname
374	1643490304689	0.175	-0.076	9.675	noname
375	1643490304699	0.178	-0.081	9.665	noname
376	1643490304709	0.204	-0.091	9.677	noname
377	1643490304719	0.187	-0.113	9.68	noname
378	1643490304729	0.187	-0.07	9.659	noname
379	1643490304739	0.195	-0.105	9.68	noname
380	1643490304749	0.18	-0.087	9.682	noname
381	1643490304763	0.189	-0.094	9.685	noname
382	1643490304770	0.198	-0.098	9.68	noname
383	1643490304782	0.214	-0.099	9.677	noname
384	1643490304793	0.19	-0.078	9.689	noname
385	1643490304800	0.192	-0.075	9.677	noname
386	1643490304813	0.192	-0.096	9.696	noname
387	1643490304820	0.178	-0.083	9.691	noname
388	1643490304833	0.174	-0.086	9.66	noname
389	1643490304840	0.195	-0.109	9.683	noname
390	1643490304854	0.196	-0.093	9.677	noname
391	1643490304860	0.192	-0.102	9.673	noname
392	1643490304869	0.197	-0.062	9.685	noname
393	1643490304880	0.193	-0.111	9.676	noname
394	1643490304890	0.194	-0.09	9.67	noname
395	1643490304913	0.202	-0.087	9.68	noname
396	1643490304914	0.198	-0.107	9.679	noname
397	1643490304920	0.16	-0.186	9.205	noname
398	1643490304930	0.405	-0.021	9.58	noname
399	1643490304940	0.551	-0.419	6.856	noname
400	1643490304949	0.124	0.09	9.785	noname
401	1643490304962	0.67	0.053	10.745	noname
402	1643490304970	-0.242	-0.511	9.112	noname
403	1643490304983	0.241	0.154	9.416	noname
404	1643490304993	0.004	-0.011	10.033	noname
405	1643490305000	0.252	-0.365	9.676	noname
406	1643490305014	0.328	0.06	9.415	noname
407	1643490305020	0.178	0.042	9.926	noname
408	1643490305033	0.198	-0.269	9.787	noname
409	1643490305041	0.124	-0.039	9.33	noname
410	1643490305050	0.104	-0.113	9.886	noname
411	1643490305060	0.21	-0.239	9.734	noname
412	1643490305069	0.217	0.021	9.56	noname
413	1643490305081	0.255	-0.051	9.713	noname
414	1643490305090	0.184	-0.127	9.75	noname
415	1643490305100	0.176	-0.021	9.609	noname
416	1643490305112	0.141	-0.148	9.664	noname
417	1643490305120	0.157	-0.163	9.793	noname
418	1643490305132	0.207	-0.026	9.612	noname
419	1643490305141	0.226	-0.06	9.749	noname
420	1643490305150	0.186	-0.083	9.661	noname
421	1643490305162	0.16	-0.099	9.649	noname
422	1643490305170	0.165	-0.101	9.73	noname
423	1643490305182	0.188	-0.11	9.701	noname
424	1643490305193	0.197	-0.065	9.615	noname
425	1643490305200	0.221	-0.084	9.71	noname
426	1643490305215	0.199	-0.111	9.677	noname
427	1643490305220	0.195	-0.11	9.618	noname
428	1643490305232	0.178	-0.106	9.697	noname
429	1643490305244	0.202	-0.099	9.702	noname
430	1643490305250	0.232	-0.128	9.652	noname
431	1643490305260	0.187	-0.08	9.722	noname
432	1643490305269	0.215	-0.07	9.67	noname
433	1643490305284	0.184	-0.133	9.671	noname
434	1643490305290	0.181	-0.086	9.722	noname
435	1643490305300	0.174	-0.101	9.668	noname
436	1643490305310	0.192	-0.107	9.66	noname
437	1643490305322	0.215	-0.097	9.7	noname
438	1643490305331	0.208	-0.12	9.682	noname
439	1643490305342	0.177	-0.111	9.704	noname
440	1643490305350	0.183	-0.101	9.713	noname
441	1643490305362	0.176	-0.075	9.647	noname
442	1643490305372	0.19	-0.097	9.686	noname
443	1643490305381	0.211	-0.088	9.686	noname
444	1643490305394	0.194	-0.088	9.668	noname
445	1643490305400	0.203	-0.09	9.677	noname
446	1643490305413	0.195	-0.1	9.681	noname
447	1643490305424	0.198	-0.124	9.695	noname
448	1643490305431	0.18	-0.096	9.677	noname
449	1643490305461	0.141	-0.4	7.083	noname
450	1643490305462	-0.199	0.426	14.135	noname
451	1643490305465	0.279	-0.102	6.804	noname
452	1643490305472	1.062	-0.29	11.144	noname
453	1643490305483	-0.545	0.132	8.638	noname
454	1643490305490	0.475	-0.438	10.193	noname
455	1643490305499	0.092	-0.045	9.618	noname
456	1643490305510	0.088	0.195	9.44	noname
457	1643490305521	0.247	-0.333	10.543	noname
458	1643490305530	0.284	-0.117	8.964	noname
459	1643490305541	0.223	0.151	9.938	noname
460	1643490305550	0.12	-0.108	9.415	noname
461	1643490305563	0.165	0.038	9.794	noname
462	1643490305574	0.169	-0.233	9.807	noname
463	1643490305581	0.241	-0.101	9.568	noname
464	1643490305592	0.245	0.023	9.664	noname
465	1643490305601	0.209	-0.161	9.785	noname
466	1643490305613	0.165	-0.053	9.692	noname
467	1643490305624	0.157	-0.081	9.61	noname
468	1643490305631	0.168	-0.178	9.776	noname
469	1643490305644	0.221	-0.039	9.659	noname
470	1643490305651	0.229	-0.069	9.622	noname
471	1643490305661	0.234	-0.104	9.741	noname
472	1643490305671	0.187	-0.077	9.69	noname
473	1643490305681	0.141	-0.112	9.629	noname
474	1643490305691	0.172	-0.089	9.68	noname
475	1643490305700	0.198	-0.13	9.708	noname
476	1643490305711	0.212	-0.086	9.637	noname
477	1643490305721	0.221	-0.062	9.649	noname
478	1643490305730	0.208	-0.116	9.734	noname
479	1643490305742	0.184	-0.096	9.622	noname
480	1643490305753	0.187	-0.084	9.732	noname
481	1643490305761	0.211	-0.098	9.651	noname
482	1643490305772	0.205	-0.078	9.701	noname
483	1643490305780	0.219	-0.061	9.699	noname
484	1643490305794	0.209	-0.128	9.656	noname
485	1643490305801	0.179	-0.115	9.703	noname
486	1643490305813	0.156	-0.093	9.686	noname
487	1643490305824	0.18	-0.119	9.651	noname
488	1643490305832	0.212	-0.113	9.682	noname
489	1643490305844	0.209	-0.103	9.698	noname
490	1643490305852	0.204	-0.091	9.67	noname
491	1643490305862	0.197	-0.095	9.694	noname
492	1643490305871	0.175	-0.098	9.738	noname
493	1643490305881	0.18	-0.078	9.698	noname
494	1643490305891	0.196	-0.093	9.682	noname
495	1643490305900	0.221	-0.086	9.7	noname
496	1643490305911	0.204	-0.076	9.674	noname
497	1643490305921	0.204	-0.089	9.676	noname
498	1643490305932	0.189	-0.085	9.7	noname
499	1643490305942	0.187	-0.111	9.668	noname
500	1643490305952	0.208	-0.079	9.691	noname
501	1643490305963	0.227	-0.113	9.675	noname
502	1643490305972	0.211	-0.101	9.669	noname
503	1643490305981	0.183	-0.096	9.647	noname
504	1643490305994	0.185	-0.094	9.644	noname
505	1643490306001	0.186	-0.108	9.667	noname
506	1643490306013	0.191	-0.103	9.7	noname
507	1643490306024	0.198	-0.063	9.67	noname
508	1643490306031	0.192	-0.117	9.686	noname
509	1643490306045	0.192	-0.098	9.707	noname
510	1643490306052	0.178	-0.076	9.631	noname
511	1643490306063	0.183	-0.087	9.68	noname
512	1643490306074	0.201	-0.074	9.695	noname
513	1643490306081	0.206	-0.1	9.668	noname
514	1643490306091	0.192	-0.081	9.685	noname
515	1643490306100	0.193	-0.087	9.664	noname
516	1643490306112	0.21	-0.121	9.679	noname
517	1643490306121	0.177	-0.099	9.677	noname
518	1643490306130	0.165	-0.087	9.682	noname
519	1643490306141	0.198	-0.083	9.711	noname
520	1643490306152	0.199	-0.099	9.674	noname
521	1643490306162	0.197	-0.084	9.681	noname
522	1643490306171	0.194	-0.121	9.708	noname
523	1643490306181	0.194	-0.101	9.695	noname
524	1643490306194	0.202	-0.085	9.665	noname
525	1643490306201	0.208	-0.095	9.667	noname
526	1643490306212	0.187	-0.083	9.683	noname
527	1643490306223	0.192	-0.09	9.683	noname
528	1643490306231	0.197	-0.095	9.696	noname
529	1643490306242	0.189	-0.09	9.646	noname
530	1643490306252	0.117	-0.435	7.497	noname
531	1643490306261	-0.035	0.425	13.126	noname
532	1643490306270	0.26	-0.169	8.564	noname
533	1643490306281	0.653	-0.262	8.942	noname
534	1643490306293	0.044	0.256	10.565	noname
535	1643490306301	0.162	-0.4	9.282	noname
536	1643490306310	0.122	-0.16	9.519	noname
537	1643490306323	0.005	0.21	9.795	noname
538	1643490306332	0.221	-0.324	10.2	noname
539	1643490306343	0.294	-0.165	9.127	noname
540	1643490306352	0.274	0.189	10.002	noname
541	1643490306363	0.139	-0.147	9.33	noname
542	1643490306371	0.135	0.062	9.75	noname
543	1643490306381	0.128	-0.281	9.932	noname
544	1643490306394	0.225	-0.141	9.454	noname
545	1643490306402	0.256	0.053	9.689	noname
546	1643490306412	0.22	-0.17	9.822	noname
547	1643490306425	0.186	-0.038	9.616	noname
548	1643490306431	0.169	-0.028	9.618	noname
549	1643490306445	0.136	-0.201	9.805	noname
550	1643490306453	0.184	-0.07	9.656	noname
551	1643490306462	0.21	-0.058	9.619	noname
552	1643490306475	0.239	-0.102	9.749	noname
553	1643490306481	0.215	-0.071	9.646	noname
554	1643490306491	0.163	-0.114	9.643	noname
555	1643490306501	0.157	-0.11	9.7	noname
556	1643490306511	0.186	-0.124	9.687	noname
557	1643490306523	0.172	-0.085	9.664	noname
558	1643490306531	0.206	-0.066	9.688	noname
559	1643490306543	0.215	-0.072	9.724	noname
560	1643490306553	0.209	-0.083	9.687	noname
561	1643490306562	0.178	-0.086	9.716	noname
562	1643490306573	0.193	-0.118	9.643	noname
563	1643490306582	0.196	-0.096	9.711	noname
564	1643490306595	0.213	-0.059	9.674	noname
565	1643490306605	0.201	-0.121	9.621	noname
566	1643490306612	0.184	-0.078	9.692	noname
567	1643490306625	0.18	-0.083	9.675	noname
568	1643490306633	0.187	-0.111	9.622	noname
569	1643490306643	0.142	-0.379	7.667	noname
570	1643490306657	0.066	0.379	12.805	noname
571	1643490306663	0.277	-0.201	8.906	noname
572	1643490306679	0.521	-0.275	8.488	noname
573	1643490306682	0.078	0.29	10.912	noname
574	1643490306692	0.193	-0.402	9.329	noname
575	1643490306701	0.11	-0.175	9.306	noname
576	1643490306713	0.047	0.218	9.957	noname
577	1643490306722	0.236	-0.33	10.089	noname
578	1643490306732	0.275	-0.153	9.175	noname
579	1643490306744	0.216	0.215	9.791	noname
580	1643490306753	0.236	-0.218	10.003	noname
581	1643490306762	0.123	0.086	9.707	noname
582	1643490306773	0.117	-0.282	9.965	noname
583	1643490306783	0.236	-0.16	9.415	noname
584	1643490306793	0.227	0.047	9.714	noname
585	1643490306803	0.205	-0.195	9.796	noname
586	1643490306812	0.217	-0.053	9.593	noname
587	1643490306825	0.169	0.01	9.671	noname
588	1643490306835	0.162	-0.197	9.774	noname
589	1643490306844	0.197	-0.072	9.645	noname
590	1643490306852	0.207	-0.043	9.637	noname
591	1643490306862	0.209	-0.106	9.741	noname
592	1643490306873	0.214	-0.068	9.667	noname
593	1643490306883	0.184	-0.106	9.631	noname
594	1643490306892	0.185	-0.13	9.703	noname
595	1643490306905	0.18	-0.11	9.679	noname
596	1643490306911	0.192	-0.096	9.65	noname
597	1643490306921	0.208	-0.089	9.677	noname
598	1643490306931	0.205	-0.101	9.722	noname
599	1643490306947	0.179	-0.072	9.642	noname
600	1643490306951	0.165	-0.111	9.68	noname
601	1643490306966	0.184	-0.092	9.632	noname
602	1643490306971	0.206	-0.099	9.711	noname
603	1643490306982	0.221	-0.069	9.721	noname
604	1643490306995	0.208	-0.11	9.652	noname
605	1643490307001	0.183	-0.089	9.689	noname
606	1643490307013	0.174	-0.066	9.689	noname
607	1643490307025	0.165	-0.113	9.653	noname
608	1643490307033	0.195	-0.094	9.672	noname
609	1643490307043	0.207	-0.103	9.68	noname
610	1643490307053	0.19	-0.155	9.515	noname
611	1643490307062	0.363	-0.192	8.639	noname
612	1643490307074	-0.384	0.325	12.939	noname
613	1643490307089	0.487	-0.297	7.123	noname
614	1643490307093	0.235	-0.172	9.354	noname
615	1643490307102	0.441	0.244	11.51	noname
616	1643490307112	0.008	-0.621	8.628	noname
617	1643490307121	0.171	0.065	9.23	noname
618	1643490307132	0.081	0.195	10.478	noname
619	1643490307142	0.253	-0.474	9.741	noname
620	1643490307152	0.266	-0.016	9.041	noname
621	1643490307162	0.248	0.217	9.869	noname
622	1643490307173	0.174	-0.011	9.153	noname
623	1643490307183	0.129	0.078	9.972	noname
624	1643490307195	0.184	-0.36	9.877	noname
625	1643490307202	0.227	-0.068	9.336	noname
626	1643490307212	0.202	0.05	9.82	noname
627	1643490307225	0.196	-0.289	9.793	noname
628	1643490307234	0.206	-0.044	9.498	noname
629	1643490307243	0.165	0.013	9.732	noname
630	1643490307253	0.192	-0.22	9.787	noname
631	1643490307261	0.198	-0.029	9.616	noname
632	1643490307274	0.198	-0.031	9.685	noname
633	1643490307284	0.22	-0.18	9.723	noname
634	1643490307294	0.195	-0.032	9.663	noname
635	1643490307302	0.18	-0.104	9.629	noname
636	1643490307311	0.198	-0.136	9.686	noname
637	1643490307322	0.199	-0.077	9.72	noname
638	1643490307331	0.186	-0.08	9.631	noname
639	1643490307341	0.209	-0.084	9.682	noname
640	1643490307352	0.179	-0.074	9.746	noname
641	1643490307362	0.19	-0.082	9.665	noname
642	1643490307375	0.208	-0.101	9.722	noname
643	1643490307382	0.218	-0.128	9.618	noname
644	1643490307396	0.197	-0.073	9.692	noname
645	1643490307402	0.216	-0.061	9.707	noname
646	1643490307413	0.217	-0.128	9.67	noname
647	1643490307421	0.205	-0.12	9.721	noname
648	1643490307431	0.172	-0.078	9.688	noname
649	1643490307441	0.199	-0.111	9.652	noname
650	1643490307451	0.205	-0.103	9.677	noname
651	1643490307461	0.213	-0.068	9.665	noname
652	1643490307472	0.196	-0.081	9.65	noname
653	1643490307482	0.187	-0.104	9.702	noname
654	1643490307491	0.196	-0.102	9.677	noname
655	1643490307502	0.191	-0.065	9.653	noname
656	1643490307511	0.203	-0.078	9.698	noname
657	1643490307523	0.217	-0.107	9.708	noname
658	1643490307532	0.203	-0.09	9.656	noname
659	1643490307543	0.198	-0.077	9.685	noname
660	1643490307557	0.207	-0.099	9.701	noname
661	1643490307563	0.203	-0.098	9.675	noname
662	1643490307575	0.196	-0.089	9.686	noname
663	1643490307584	0.215	-0.124	9.68	noname
664	1643490307592	0.211	-0.1	9.678	noname
665	1643490307604	0.202	-0.112	9.679	noname
666	1643490307613	0.193	-0.105	9.704	noname
667	1643490307626	0.19	-0.082	9.677	noname
668	1643490307634	0.189	-0.102	9.669	noname
669	1643490307643	0.17	-0.329	7.851	noname
670	1643490307654	-0.004	0.318	12.491	noname
671	1643490307662	0.43	-0.239	9.231	noname
672	1643490307675	0.26	-0.219	8.075	noname
673	1643490307683	0.196	0.305	11.091	noname
674	1643490307693	0.16	-0.389	9.801	noname
675	1643490307704	0.148	-0.232	8.544	noname
676	1643490307713	0.075	0.26	10.28	noname
677	1643490307722	0.196	-0.312	10.25	noname
678	1643490307733	0.266	-0.241	8.895	noname
679	1643490307742	0.181	0.231	9.747	noname
680	1643490307752	0.199	-0.202	10.243	noname
681	1643490307761	0.202	-0.221	9.231	noname
682	1643490307771	0.166	-0.239	10.121	noname
683	1643490307781	0.206	-0.203	9.429	noname
684	1643490307792	0.193	0.096	9.552	noname
685	1643490307801	0.178	-0.16	9.951	noname
686	1643490307811	0.205	-0.118	9.574	noname
687	1643490307822	0.195	0.035	9.577	noname
688	1643490307832	0.186	-0.184	9.86	noname
689	1643490307848	0.2	-0.09	9.682	noname
690	1643490307851	0.201	-0.002	9.541	noname
691	1643490307862	0.201	-0.142	9.791	noname
692	1643490307871	0.205	-0.086	9.728	noname
693	1643490307882	0.167	-0.09	9.583	noname
694	1643490307892	0.183	-0.113	9.737	noname
695	1643490307901	0.187	-0.109	9.735	noname
696	1643490307916	0.173	-0.108	9.602	noname
697	1643490307922	0.178	-0.105	9.668	noname
698	1643490307931	0.194	-0.108	9.73	noname
699	1643490307941	0.21	-0.096	9.619	noname
700	1643490307952	0.203	-0.085	9.67	noname
701	1643490307963	0.213	-0.089	9.726	noname
702	1643490307973	0.186	-0.101	9.659	noname
703	1643490307981	0.189	-0.069	9.714	noname
704	1643490307991	0.196	-0.1	9.64	noname
705	1643490308001	0.199	-0.092	9.7	noname
706	1643490308012	0.179	-0.084	9.688	noname
707	1643490308022	0.199	-0.11	9.645	noname
708	1643490308032	0.193	-0.101	9.698	noname
709	1643490308042	0.187	-0.095	9.717	noname
710	1643490308052	0.201	-0.105	9.648	noname
711	1643490308063	0.198	-0.101	9.687	noname
712	1643490308073	0.205	-0.111	9.71	noname
713	1643490308082	0.196	-0.091	9.655	noname
714	1643490308093	0.205	-0.09	9.68	noname
715	1643490308102	0.209	-0.107	9.717	noname
716	1643490308112	0.185	-0.073	9.667	noname
717	1643490308122	0.177	-0.116	9.564	noname
718	1643490308132	0.399	-0.239	8.703	noname
719	1643490308142	-0.469	0.317	12.826	noname
720	1643490308152	0.518	-0.243	6.765	noname
721	1643490308162	0.366	-0.204	9.886	noname
722	1643490308173	0.423	0.226	8.519	noname
723	1643490308182	0.186	0.091	9.481	noname
724	1643490308192	-0.031	0.174	10.268	noname
725	1643490308203	0.323	-0.421	9.853	noname
726	1643490308213	0.289	0.051	9.05	noname
727	1643490308223	0.196	0.212	10.126	noname
728	1643490308233	0.272	-0.33	9.836	noname
729	1643490308243	0.117	-0.027	9.181	noname
730	1643490308253	0.111	0.033	9.956	noname
731	1643490308263	0.151	-0.336	9.849	noname
732	1643490308275	0.243	-0.066	9.358	noname
733	1643490308283	0.255	0.015	9.808	noname
734	1643490308293	0.209	-0.247	9.823	noname
735	1643490308303	0.191	-0.031	9.516	noname
736	1643490308335	0.126	-0.043	9.676	noname
737	1643490308336	0.143	-0.205	9.808	noname
738	1643490308337	0.199	-0.011	9.605	noname
739	1643490308343	0.2	-0.05	9.677	noname
740	1643490308353	0.235	-0.119	9.739	noname
741	1643490308363	0.191	-0.059	9.673	noname
742	1643490308373	0.16	-0.107	9.626	noname
743	1643490308383	0.185	-0.117	9.72	noname
744	1643490308393	0.202	-0.072	9.618	noname
745	1643490308403	0.227	-0.077	9.696	noname
746	1643490308413	0.2	-0.079	9.746	noname
747	1643490308423	0.186	-0.098	9.615	noname
748	1643490308433	0.16	-0.125	9.673	noname
749	1643490308456	0.187	-0.092	9.734	noname
750	1643490308457	0.211	-0.111	9.666	noname
751	1643490308463	0.214	-0.071	9.691	noname
752	1643490308473	0.215	-0.056	9.711	noname
753	1643490308483	0.214	-0.145	9.647	noname
754	1643490308493	0.169	-0.093	9.673	noname
755	1643490308503	0.161	-0.077	9.676	noname
756	1643490308513	0.199	-0.104	9.676	noname
757	1643490308522	0.21	-0.088	9.69	noname
758	1643490308533	0.202	-0.087	9.681	noname
759	1643490308543	0.209	-0.085	9.64	noname
760	1643490308553	0.191	-0.104	9.703	noname
761	1643490308563	0.172	-0.1	9.699	noname
762	1643490308573	0.181	-0.076	9.638	noname
763	1643490308583	0.202	-0.089	9.722	noname
764	1643490308593	0.196	-0.071	9.627	noname
765	1643490308603	0.183	-0.083	9.68	noname
766	1643490308613	0.204	-0.089	9.672	noname
767	1643490308623	0.196	-0.111	9.658	noname
768	1643490308634	0.173	-0.092	9.682	noname
769	1643490308643	0.212	-0.068	9.68	noname
770	1643490308655	0.196	-0.099	9.683	noname
771	1643490308664	0.187	-0.081	9.678	noname
772	1643490308674	0.196	-0.093	9.67	noname
773	1643490308686	0.177	-0.102	9.685	noname
774	1643490308693	0.196	-0.086	9.689	noname
775	1643490308708	0.187	-0.093	9.685	noname
776	1643490308713	0.219	-0.09	9.662	noname
777	1643490308726	0.207	-0.111	9.689	noname
778	1643490308733	0.189	-0.106	9.689	noname
779	1643490308744	0.161	-0.185	9.163	noname
780	1643490308753	0.351	-0.032	9.9	noname
781	1643490308765	-0.252	0.194	11.748	noname
782	1643490308774	0.721	-0.469	7.499	noname
783	1643490308785	0.33	0.092	10.936	noname
784	1643490308795	0.159	-0.487	9.19	noname
785	1643490308804	0.05	0.071	8.738	noname
786	1643490308819	0.092	0.106	10.828	noname
787	1643490308824	0.268	-0.435	9.471	noname
788	1643490308834	0.236	0.05	9.046	noname
789	1643490308843	0.243	0.14	10.25	noname
790	1643490308853	0.199	-0.333	9.805	noname
791	1643490308866	0.181	-0.003	9.126	noname
792	1643490308873	0.132	0.044	9.978	noname
793	1643490308884	0.199	-0.347	9.874	noname
794	1643490308893	0.225	-0.053	9.358	noname
795	1643490308909	0.226	0.028	9.755	noname
796	1643490308913	0.194	-0.208	9.87	noname
797	1643490308923	0.191	-0.003	9.46	noname
798	1643490308934	0.154	-0.049	9.711	noname
799	1643490308943	0.146	-0.197	9.861	noname
800	1643490308955	0.208	-0.031	9.565	noname
801	1643490308968	0.195	-0.041	9.669	noname
802	1643490308973	0.233	-0.144	9.809	noname
803	1643490308983	0.184	-0.065	9.64	noname
804	1643490308995	0.19	-0.135	9.744	noname
805	1643490309004	0.166	-0.108	9.706	noname
806	1643490309013	0.186	-0.073	9.61	noname
807	1643490309023	0.192	-0.101	9.709	noname
808	1643490309033	0.203	-0.087	9.731	noname
809	1643490309043	0.198	-0.089	9.623	noname
810	1643490309052	0.164	-0.098	9.679	noname
811	1643490309063	0.18	-0.091	9.716	noname
812	1643490309073	0.21	-0.133	9.643	noname
813	1643490309083	0.195	-0.057	9.701	noname
814	1643490309093	0.209	-0.078	9.68	noname
815	1643490309105	0.214	-0.146	9.644	noname
816	1643490309113	0.184	-0.069	9.704	noname
817	1643490309123	0.168	-0.09	9.671	noname
818	1643490309133	0.175	-0.125	9.647	noname
819	1643490309143	0.191	-0.105	9.709	noname
820	1643490309153	0.2	-0.096	9.68	noname
821	1643490309163	0.214	-0.089	9.652	noname
822	1643490309176	0.206	-0.107	9.719	noname
823	1643490309184	0.174	-0.115	9.689	noname
824	1643490309194	0.178	-0.09	9.704	noname
825	1643490309204	0.193	-0.096	9.683	noname
826	1643490309213	0.169	-0.087	9.626	noname
827	1643490309223	0.193	-0.098	9.703	noname
828	1643490309233	0.202	-0.113	9.685	noname
829	1643490309244	0.185	-0.098	9.679	noname
830	1643490309254	0.177	-0.092	9.686	noname
831	1643490309264	0.187	-0.104	9.67	noname
832	1643490309273	0.215	-0.114	9.68	noname
833	1643490309284	0.192	-0.082	9.677	noname
834	1643490309294	0.19	-0.082	9.675	noname
835	1643490309303	0.187	-0.087	9.683	noname
836	1643490309313	0.193	-0.117	9.695	noname
837	1643490309323	0.198	-0.102	9.691	noname
838	1643490309333	0.189	-0.086	9.683	noname
839	1643490309344	0.193	-0.114	9.695	noname
840	1643490309356	0.194	-0.082	9.682	noname
841	1643490309364	0.18	-0.096	9.655	noname
842	1643490309374	0.194	-0.112	9.698	noname
843	1643490309384	0.197	-0.087	9.677	noname
844	1643490309394	0.199	-0.083	9.677	noname
845	1643490309404	0.201	-0.11	9.684	noname
846	1643490309414	0.198	-0.092	9.704	noname
847	1643490309424	0.199	-0.082	9.682	noname
848	1643490309434	0.191	-0.096	9.671	noname
849	1643490309444	0.19	-0.101	9.685	noname
850	1643490309454	0.197	-0.096	9.683	noname
851	1643490309464	0.175	-0.098	9.663	noname
852	1643490309474	0.189	-0.077	9.68	noname
853	1643490309484	0.189	-0.098	9.694	noname
854	1643490309495	0.192	-0.077	9.683	noname
855	1643490309504	0.187	-0.097	9.679	noname
856	1643490309514	0.223	-0.121	9.777	noname
857	1643490309528	0.168	-0.077	9.625	noname
858	1643490309535	0.201	-0.08	9.713	noname
859	1643490309543	0.18	-0.092	9.689	noname
860	1643490309555	0.157	-0.092	9.604	noname
861	1643490309563	0.184	-0.086	9.63	noname
862	1643490309573	0.178	-0.084	9.623	noname
863	1643490309583	0.177	-0.101	9.756	noname
864	1643490309593	0.201	-0.06	9.68	noname
865	1643490309605	0.196	-0.101	9.694	noname
