empty,empty2,data
,,-999.999
,,-999.999
,,-999.999
,,-999.999
,,-999.999
,,-999.999
,,-999.999
,,-999.999
,,-999.999
,,-999.999
,,-999.999
,,-999.999
,,-999.999
,,-999.999
,,-999.999
,,-999.999
,,-999.999
,,-999.999
,,-999.999
,,-999.999
,,-999.999
,,-999.999
,,-999.999
,,-999.999
,,-999.999
,,-999.999
,,-999.999
,,-999.999
,,-999.999
,,-999.999
,,-999.999
,,-999.999
,,-999.999
,,-999.999
,,-999.999
,,-999.999
,,-999.999
,,-999.999
,,-999.999
,,-999.999
,,-999.999
,,-999.999
,,-999.999
,,-999.999
,,-999.999
,,-999.999
,,-999.999
,,-999.999
,,-999.999
,,-999.999
,,-999.999
,,-999.999
,,-999.999
,,-999.999
,,-999.999
,,-999.999
,,-999.999
,,-999.999
,,-999.999
,,-999.999
,,-999.999
,,-999.999
,,-999.999
,,-999.999
,,-999.999
,,-999.999
,,-999.999
,,-999.999
,,-999.999
,,-999.999
,,-999.999
,,-999.999
,,-999.999
,,-999.999
,,-999.999
,,-999.999
,,-999.999
,,-999.999
,,-999.999
,,-999.999
,,-999.999
,,-999.999
,,-999.999
,,-999.999
,,-999.999
,,-999.999
,,-999.999
,,-999.999
,,-999.999
,,-999.999
,,-999.999
,,-999.999
,,-999.999
,,-999.999
,,-999.999
,,-999.999
,,-999.999
,,-999.999
,,-999.999
,,-999.999
,,-999.999
,,-999.999
,,-999.999
,,-999.999
,,-999.999
,,-999.999
,,-999.999
,,-999.999
,,-999.999
,,-999.999
,,-999.999
,,-999.999
,,-999.999
,,-999.999
,,-999.999
,,-999.999
,,-999.999
,,-999.999
,,-999.999
,,-999.999
,,-999.999
,,-999.999
,,-999.999
,,-999.999
,,-999.999
,,-999.999
,,-999.999
,,-999.999
,,-999.999
,,-999.999
,,-999.999
,,-999.999
,,-999.999
,,-999.999
,,-999.999
,,-999.999
,,-999.999
,,-999.999
,,-999.999
,,-999.999
,,-999.999
,,-999.999
,,-999.999
,,-999.999
,,-999.999
,,-999.999
,,-999.999
,,-999.999
,,-999.999
,,-999.999
,,-999.999
,,-999.999
,,-999.999
,,-999.999
,,-999.999
,,-999.999
,,-999.999
,,-999.999
,,-999.999
,,-999.999
,,-999.999
,,-999.999
,,-999.999
,,-999.999
,,-999.999
,,-999.999
,,-999.999
,,-999.999
,,-999.999
,,-999.999
,,-999.999
,,-999.999
,,-999.999
,,-999.999
,,-999.999
,,-999.999
,,-999.999
,,-999.999
,,-999.999
,,-999.999
,,-999.999
,,-999.999
,,-999.999
,,-999.999
,,-999.999
,,-999.999
,,-999.999
,,-999.999
,,-999.999
,,-999.999
,,-999.999
,,-999.999
,,-999.999
,,-999.999
,,-999.999
,,-999.999
,,-999.999
,,-999.999
,,-999.999
,,-999.999
,,-999.999
,,-999.999
,,-999.999
,,-999.999
,,-999.999
,,-999.999
,,-999.999
,,-999.999
,,-999.999
,,-999.999
,,-999.999
,,-999.999
,,-999.999
,,-999.999
,,-999.999
,,-999.999
,,-999.999
,,-999.999
,,-999.999
,,-999.999
,,-999.999
,,-999.999
,,-999.999
,,-999.999
,,-999.999
,,-999.999
,,-999.999
,,-999.999
,,-999.999
,,-999.999
,,-999.999
,,-999.999
,,-999.999
,,-999.999
,,-999.999
,,-999.999
,,-999.999
,,-999.999
,,-999.999
,,-999.999
,,-999.999
,,-999.999
,,-999.999
,,-999.999
,,-999.999
,,-999.999
,,-999.999
,,-999.999
,,-999.999
,,-999.999
,,-999.999
,,-999.999
,,-999.999
,,-999.999
,,-999.999
,,-999.999
,,-999.999
,,-999.999
,,-999.999
,,-999.999
,,-999.999
,,-999.999
,,-999.999
,,-999.999
,,-999.999
,,-999.999
,,-999.999
,,-999.999
,,-999.999
,,-999.999
,,-999.999
,,-999.999
,,-999.999
,,-999.999
,,-999.999
,,-999.999
,,-999.999
,,-999.999
,,-999.999
,,-999.999
,,-999.999
,,-999.999
,,-999.999
,,-999.999
,,-999.999
,,-999.999
,,-999.999
,,-999.999
,,-999.999
,,-999.999
,,-999.999
,,-999.999
,,-999.999
,,-999.999
,,-999.999
,,-999.999
,,-999.999
,,-999.999
,,-999.999
,,-999.999
,,-999.999
,,-999.999
,,-999.999
,,-999.999
,,-999.999
,,-999.999
,,-999.999
,,-999.999
,,-999.999
,,-999.999
,,-999.999
,,-999.999
,,-999.999
,,-999.999
,,-999.999
,,-999.999
,,-999.999
,,-999.999
,,-999.999
,,-999.999
,,-999.999
,,-999.999
,,-999.999
,,-999.999
,,-999.999
,,-999.999
,,-999.999
,,-999.999
,,-999.999
,,-999.999
,,-999.999
,,-999.999
,,-999.999
,,-999.999
,,-999.999
,,-999.999
,,-999.999
,,-999.999
,,-999.999
,,-999.999
,,-999.999
,,-999.999
,,-999.999
,,-999.999
,,-999.999
,,-999.999
,,-999.999
,,-999.999
,,-999.999
,,-999.999
,,-999.999
,,-999.999
,,-999.999
,,-999.999
,,-999.999
,,-999.999
,,-999.999
,,-999.999
,,-999.999
,,-999.999
,,-999.999
,,-999.999
,,-999.999
,,-999.999
,,-999.999
,,-999.999
,,-999.999
,,-999.999
,,-999.999
,,-999.999
,,-999.999
,,-999.999
,,-999.999
,,-999.999
,,-999.999
,,-999.999
,,-999.999
,,-999.999
,,-999.999
,,-999.999
,,-999.999
,,-999.999
,,-999.999
,,-999.999
,,-999.999
,,-999.999
,,-999.999
,,-999.999
,,-999.999
,,-999.999
,,-999.999
,,-999.999
,,-999.999
,,-999.999
,,-999.999
,,-999.999
,,-999.999
,,-999.999
,,-999.999
,,-999.999
,,-999.999
,,-999.999
,,-999.999
,,-999.999
,,-999.999
,,-999.999
,,-999.999
,,-999.999
,,-999.999
,,-999.999
,,-999.999
,,-999.999
,,-999.999
,,-999.999
,,-999.999
,,-999.999
,,-999.999
,,-999.999
,,-999.999
,,-999.999
,,-999.999
,,-999.999
,,-999.999
,,-999.999
,,-999.999
,,-999.999
,,-999.999
,,-999.999
,,-999.999
,,-999.999
,,-999.999
,,-999.999
,,-999.999
,,-999.999
,,-999.999
,,-999.999
,,-999.999
,,-999.999
,,-999.999
,,-999.999
,,-999.999
,,-999.999
,,-999.999
,,-999.999
,,-999.999
,,-999.999
,,-999.999
,,-999.999
,,-999.999
,,-999.999
,,-999.999
,,-999.999
,,-999.999
,,-999.999
,,-999.999
,,-999.999
,,-999.999
,,-999.999
,,-999.999
,,-999.999
,,-999.999
,,-999.999
,,-999.999
,,-999.999
,,-999.999
,,-999.999
,,-999.999
,,-999.999
,,-999.999
,,-999.999
,,-999.999
,,-999.999
,,-999.999
,,-999.999
,,-999.999
,,-999.999
,,-999.999
,,-999.999
,,-999.999
,,-999.999
,,-999.999
,,-999.999
,,-999.999
,,-999.999
,,-999.999
,,-999.999
,,-999.999
,,-999.999
,,-999.999
,,-999.999
,,-999.999
,,-999.999
,,-999.999
,,-999.999
,,-999.999
,,-999.999
,,-999.999
,,-999.999
,,-999.999
,,-999.999
,,-999.999
,,-999.999
,,-999.999
,,-999.999
,,-999.999
,,-999.999
,,-999.999
,,-999.999
,,-999.999
,,-999.999
,,-999.999
,,-999.999
,,-999.999
,,-999.999
,,-999.999
,,-999.999
,,-999.999
,,-999.999
,,-999.999
,,-999.999
,,-999.999
,,-999.999
,,-999.999
,,-999.999
,,-999.999
,,-999.999
,,-999.999
,,-999.999
,,-999.999
,,-999.999
,,-999.999
,,-999.999
,,-999.999
,,-999.999
,,-999.999
,,-999.999
,,-999.999
,,-999.999
,,-999.999
,,-999.999
,,-999.999
,,-999.999
,,-999.999
,,-999.999
,,-999.999
,,-999.999
,,-999.999
,,-999.999
,,-999.999
,,-999.999
,,-999.999
,,-999.999
,,-999.999
,,-999.999
,,-999.999
,,-999.999
,,-999.999
,,-999.999
,,-999.999
,,-999.999
,,-999.999
,,-999.999
,,-999.999
,,-999.999
,,-999.999
,,-999.999
,,-999.999
,,-999.999
,,-999.999
,,-999.999
,,-999.999
,,-999.999
,,-999.999
,,-999.999
,,-999.999
,,-999.999
,,-999.999
,,-999.999
,,-999.999
,,-999.999
,,-999.999
,,-999.999
,,-999.999
,,-999.999
,,-999.999
,,-999.999
,,-999.999
,,-999.999
,,-999.999
,,-999.999
,,-999.999
,,-999.999
,,-999.999
,,-999.999
,,-999.999
,,-999.999
,,-999.999
,,-999.999
,,-999.999
,,-999.999
,,-999.999
,,-999.999
,,-999.999
,,-999.999
,,-999.999
,,-999.999
,,-999.999
,,-999.999
,,-999.999
,,-999.999
,,-999.999
,,-999.999
,,-999.999
,,-999.999
,,-999.999
,,-999.999
,,-999.999
,,-999.999
,,-999.999
,,-999.999
,,-999.999
,,-999.999
,,-999.999
,,-999.999
,,-999.999
,,-999.999
,,-999.999
,,-999.999
,,-999.999
,,-999.999
,,-999.999
,,-999.999
,,-999.999
,,-999.999
,,-999.999
,,-999.999
,,-999.999
,,-999.999
,,-999.999
,,-999.999
,,-999.999
,,-999.999
,,-999.999
,,-999.999
,,-999.999
,,-999.999
,,-999.999
,,-999.999
,,-999.999
,,-999.999
,,-999.999
,,-999.999
,,-999.999
,,-999.999
,,-999.999
,,-999.999
,,-999.999
,,-999.999
,,-999.999
,,-999.999
,,-999.999
,,-999.999
,,-999.999
,,-999.999
,,-999.999
,,-999.999
,,-999.999
,,-999.999
,,-999.999
,,-999.999
,,-999.999
,,-999.999
,,-999.999
,,-999.999
,,-999.999
,,-999.999
,,-999.999
,,-999.999
,,-999.999
,,-999.999
,,-999.999
,,-999.999
,,-999.999
,,-999.999
,,-999.999
,,-999.999
,,-999.999
,,-999.999
,,-999.999
,,-999.999
,,-999.999
,,-999.999
,,-999.999
,,-999.999
,,-999.999
,,-999.999
,,-999.999
,,-999.999
,,-999.999
,,-999.999
,,-999.999
,,-999.999
,,-999.999
,,-999.999
,,-999.999
,,-999.999
,,-999.999
,,-999.999
,,-999.999
,,-999.999
,,-999.999
,,-999.999
,,-999.999
,,-999.999
,,-999.999
,,-999.999
,,-999.999
,,-999.999
,,-999.999
,,-999.999
,,-999.999
,,-999.999
,,-999.999
,,-999.999
,,-999.999
,,-999.999
,,-999.999
,,-999.999
,,-999.999
,,-999.999
,,-999.999
,,-999.999
,,-999.999
,,-999.999
,,-999.999
,,-999.999
,,-999.999
,,-999.999
,,-999.999
,,-999.999
,,-999.999
,,-999.999
,,-999.999
,,-999.999
,,-999.999
,,-999.999
,,-999.999
,,-999.999
,,-999.999
,,-999.999
,,-999.999
,,-999.999
,,-999.999
,,-999.999
,,-999.999
,,-999.999
,,-999.999
,,-999.999
,,-999.999
,,-999.999
,,-999.999
,,-999.999
,,-999.999
,,-999.999
,,-999.999
,,-999.999
,,-999.999
,,-999.999
,,-999.999
,,-999.999
,,-999.999
,,-999.999
,,-999.999
,,-999.999
,,-999.999
,,-999.999
,,-999.999
,,-999.999
,,-999.999
,,-999.999
,,-999.999
,,-999.999
,,-999.999
,,-999.999
,,-999.999
,,-999.999
,,-999.999
,,-999.999
,,-999.999
,,-999.999
,,-999.999
,,-999.999
,,-999.999
,,-999.999
,,-999.999
,,-999.999
,,-999.999
,,-999.999
,,-999.999
,,-999.999
,,-999.999
,,-999.999
,,-999.999
,,-999.999
,,-999.999
,,-999.999
,,-999.999
,,-999.999
,,-999.999
,,-999.999
,,-999.999
,,-999.999
,,-999.999
,,-999.999
,,-999.999
,,-999.999
,,-999.999
,,-999.999
,,-999.999
,,-999.999
,,-999.999
,,-999.999
,,-999.999
,,-999.999
,,-999.999
,,-999.999
,,28.145
,,28.142
,,28.139
,,28.136
,,28.133
,,28.129
,,28.126
,,28.121
,,28.117
,,28.113
,,28.108
,,28.103
,,28.097
,,28.092
,,28.086
,,28.079
,,28.073
,,28.066
,,28.058
,,28.050
,,28.042
,,28.033
,,28.023
,,28.013
,,28.003
,,27.992
,,27.980
,,27.968
,,27.956
,,27.943
,,27.929
,,27.915
,,27.901
,,27.886
,,27.871
,,27.855
,,27.838
,,27.822
,,27.805
,,27.787
,,27.769
,,27.751
,,27.732
,,27.713
,,27.694
,,27.674
,,27.654
,,27.634
,,27.613
,,27.592
,,27.570
,,27.549
,,27.527
,,27.504
,,27.481
,,27.458
,,27.434
,,27.410
,,27.386
,,27.361
,,27.336
,,27.311
,,27.286
,,27.260
,,27.233
,,27.206
,,27.179
,,27.151
,,27.123
,,27.095
,,27.066
,,27.036
,,27.006
,,26.975
,,26.943
,,26.911
,,26.877
,,26.843
,,26.807
,,26.771
,,26.733
,,26.694
,,26.655
,,26.615
,,26.575
,,26.535
,,26.495
,,26.455
,,26.415
,,26.375
,,26.335
,,-999.999
,,-999.999
,,-999.999
,,-999.999
,,-999.999
,,-999.999
,,-999.999
,,-999.999
,,-999.999
,,-999.999
,,-999.999
,,-999.999
,,-999.999
,,-999.999
,,-999.999
,,-999.999
,,-999.999
,,-999.999
,,-999.999
,,-999.999
,,-999.999
,,-999.999
,,-999.999
,,-999.999
,,-999.999
,,-999.999
,,-999.999
,,-999.999
,,-999.999
,,-999.999
,,-999.999
,,-999.999
,,-999.999
,,-999.999
,,-999.999
,,-999.999
,,-999.999
,,-999.999
,,-999.999
,,-999.999
,,-999.999
,,-999.999
,,-999.999
,,-999.999
,,-999.999
,,-999.999
,,-999.999
,,-999.999
,,-999.999
,,-999.999
,,-999.999
,,-999.999
,,-999.999
,,-999.999
,,-999.999
,,-999.999
,,-999.999
,,-999.999
,,-999.999
,,-999.999
,,-999.999
,,-999.999
,,-999.999
,,-999.999
,,-999.999
,,-999.999
,,-999.999
,,-999.999
,,-999.999
,,-999.999
,,-999.999
,,-999.999
,,-999.999
,,-999.999
,,-999.999
,,-999.999
,,-999.999
,,-999.999
,,-999.999
,,-999.999
,,-999.999
,,-999.999
,,-999.999
,,-999.999
,,-999.999
,,-999.999
,,-999.999
,,-999.999
,,-999.999
,,-999.999
,,-999.999
,,-999.999
,,-999.999
,,-999.999
,,-999.999
,,-999.999
,,-999.999
,,-999.999
,,-999.999
,,-999.999
,,-999.999
,,-999.999
,,-999.999
,,-999.999
,,-999.999
,,-999.999
,,-999.999
,,-999.999
,,-999.999
,,-999.999
,,-999.999
,,-999.999
,,-999.999
,,-999.999
,,-999.999
,,-999.999
,,-999.999
,,-999.999
,,-999.999
,,-999.999
,,-999.999
,,-999.999
,,-999.999
,,-999.999
,,-999.999
,,-999.999
,,-999.999
,,-999.999
,,-999.999
,,-999.999
,,-999.999
,,-999.999
,,-999.999
,,-999.999
,,-999.999
,,-999.999
,,-999.999
,,-999.999
,,-999.999
,,-999.999
,,-999.999
,,-999.999
,,-999.999
,,-999.999
,,-999.999
,,-999.999
,,-999.999
,,-999.999
,,-999.999
,,-999.999
,,-999.999
,,-999.999
,,-999.999
,,-999.999
,,-999.999
,,-999.999
,,-999.999
,,-999.999
,,-999.999
,,-999.999
,,-999.999
,,-999.999
,,-999.999
,,-999.999
,,-999.999
,,-999.999
,,-999.999
,,-999.999
,,-999.999
,,-999.999
,,-999.999
,,-999.999
,,-999.999
,,-999.999
,,-999.999
,,-999.999
,,-999.999
,,-999.999
,,-999.999
,,-999.999
,,-999.999
,,-999.999
,,-999.999
,,-999.999
,,-999.999
,,-999.999
,,-999.999
,,-999.999
,,-999.999
,,-999.999
,,-999.999
,,-999.999
,,-999.999
,,-999.999
,,-999.999
,,-999.999
,,-999.999
,,-999.999
,,-999.999
,,-999.999
,,-999.999
,,-999.999
,,-999.999
,,-999.999
,,-999.999
,,-999.999
,,-999.999
,,-999.999
,,-999.999
,,-999.999
,,-999.999
,,-999.999
,,-999.999
,,-999.999
,,-999.999
,,-999.999
,,-999.999
,,-999.999
,,-999.999
,,-999.999
,,-999.999
,,-999.999
,,-999.999
,,-999.999
,,-999.999
,,-999.999
,,-999.999
,,-999.999
,,-999.999
,,-999.999
,,-999.999
,,-999.999
,,-999.999
,,-999.999
,,-999.999
,,-999.999
,,-999.999
,,-999.999
,,-999.999
,,-999.999
,,-999.999
,,-999.999
,,-999.999
,,-999.999
,,-999.999
,,-999.999
,,-999.999
,,-999.999
,,-999.999
,,-999.999
,,-999.999
,,-999.999
,,-999.999
,,-999.999
,,-999.999
,,-999.999
,,-999.999
,,-999.999
,,-999.999
,,-999.999
,,-999.999
,,-999.999
,,-999.999
,,-999.999
,,-999.999
,,-999.999
,,-999.999
,,-999.999
,,-999.999
,,-999.999
,,-999.999
,,-999.999
,,-999.999
,,-999.999
,,-999.999
,,-999.999
,,-999.999
,,-999.999
,,-999.999
,,-999.999
,,-999.999
,,-999.999
,,-999.999
,,-999.999
,,-999.999
,,-999.999
,,-999.999
,,-999.999
,,-999.999
,,-999.999
,,-999.999
,,-999.999
,,-999.999
,,-999.999
,,-999.999
,,-999.999
,,-999.999
,,-999.999
,,-999.999
,,-999.999
,,-999.999
,,-999.999
,,-999.999
,,-999.999
,,-999.999
,,-999.999
,,-999.999
,,-999.999
,,-999.999
,,-999.999
,,-999.999
,,-999.999
,,-999.999
,,-999.999
,,-999.999
,,-999.999
,,-999.999
,,-999.999
,,-999.999
,,-999.999
,,-999.999
,,-999.999
,,-999.999
,,-999.999
,,-999.999
,,-999.999
,,-999.999
,,-999.999
,,-999.999
,,-999.999
,,-999.999
,,-999.999
,,-999.999
,,-999.999
,,-999.999
,,-999.999
,,-999.999
,,-999.999
,,-999.999
,,-999.999
,,-999.999
,,-999.999
,,-999.999
,,-999.999
,,-999.999
,,-999.999
,,-999.999
,,-999.999
,,-999.999
,,-999.999
,,-999.999
,,-999.999
,,-999.999
,,-999.999
,,-999.999
,,-999.999
,,-999.999
,,-999.999
,,-999.999
,,-999.999
,,-999.999
,,-999.999
,,-999.999
,,-999.999
,,-999.999
,,-999.999
,,-999.999
,,-999.999
,,-999.999
,,-999.999
,,-999.999
,,-999.999
,,-999.999
,,-999.999
,,-999.999
,,-999.999
,,-999.999
,,-999.999
,,-999.999
,,-999.999
,,-999.999
,,-999.999
,,-999.999
,,-999.999
,,-999.999
,,-999.999
,,-999.999
,,-999.999
,,-999.999
,,-999.999
,,-999.999
,,-999.999
,,-999.999
,,-999.999
,,-999.999
,,-999.999
,,-999.999
,,-999.999
,,-999.999
,,-999.999
,,-999.999
,,-999.999
,,-999.999
,,-999.999
,,-999.999
,,-999.999
,,-999.999
,,-999.999
,,-999.999
,,-999.999
,,-999.999
,,-999.999
,,-999.999
,,-999.999
,,-999.999
,,-999.999
,,-999.999
,,-999.999
,,-999.999
,,-999.999
,,-999.999
,,-999.999
,,-999.999
,,-999.999
,,-999.999
,,-999.999
,,-999.999
,,-999.999
,,-999.999
,,-999.999
,,-999.999
,,-999.999
,,-999.999
,,-999.999
,,-999.999
,,-999.999
,,-999.999
,,-999.999
,,-999.999
,,-999.999
,,-999.999
,,-999.999
,,-999.999
,,-999.999
,,-999.999
,,-999.999
,,-999.999
,,-999.999
,,-999.999
,,-999.999
,,-999.999
,,-999.999
,,-999.999
,,-999.999
,,-999.999
,,-999.999
,,-999.999
,,-999.999
,,-999.999
,,-999.999
,,-999.999
,,-999.999
,,-999.999
,,-999.999
,,-999.999
,,-999.999
,,-999.999
,,-999.999
,,-999.999
,,-999.999
,,-999.999
,,-999.999
,,-999.999
,,-999.999
,,-999.999
,,-999.999
,,-999.999
,,-999.999
,,-999.999
,,-999.999
,,-999.999
,,-999.999
,,-999.999
,,-999.999
,,-999.999
,,-999.999
,,-999.999
,,-999.999
,,-999.999
,,-999.999
,,-999.999
,,-999.999
,,-999.999
,,-999.999
,,-999.999
,,-999.999
,,-999.999
,,-999.999
,,-999.999
,,-999.999
,,-999.999
,,-999.999
,,-999.999
,,-999.999
,,-999.999
,,-999.999
,,-999.999
,,-999.999
,,-999.999
,,-999.999
,,-999.999
,,-999.999
,,-999.999
,,-999.999
,,-999.999
,,-999.999
,,-999.999
,,-999.999
,,-999.999
,,-999.999
,,-999.999
,,-999.999
,,-999.999
,,-999.999
,,-999.999
,,-999.999
,,-999.999
,,-999.999
,,-999.999
,,-999.999
,,-999.999
,,-999.999
,,-999.999
,,-999.999
,,-999.999
,,-999.999
,,-999.999
,,-999.999
,,-999.999
,,-999.999
,,-999.999
,,-999.999
,,-999.999
,,-999.999
,,-999.999
,,-999.999
,,-999.999
,,-999.999
,,-999.999
,,-999.999
,,-999.999
,,-999.999
,,-999.999
,,-999.999
,,-999.999
,,-999.999
,,-999.999
,,-999.999
,,-999.999
,,-999.999
,,-999.999
,,-999.999
,,-999.999
,,-999.999
,,-999.999
,,-999.999
,,-999.999
,,-999.999
,,-999.999
,,-999.999
,,-999.999
,,-999.999
,,-999.999
,,-999.999
,,-999.999
,,-999.999
,,-999.999
,,-999.999
,,-999.999
,,-999.999
,,-999.999
,,-999.999
,,-999.999
,,-999.999
,,-999.999
,,-999.999
,,-999.999
,,-999.999
,,-999.999
,,-999.999
,,-999.999
,,-999.999
,,-999.999
,,-999.999
,,-999.999
,,-999.999
,,-999.999
,,-999.999
,,-999.999
,,-999.999
,,-999.999
,,-999.999
,,-999.999
,,-999.999
,,-999.999
,,-999.999
,,-999.999
,,-999.999
,,-999.999
,,-999.999
,,-999.999
,,-999.999
,,-999.999
,,-999.999
,,-999.999
,,-999.999
,,-999.999
,,-999.999
,,-999.999
,,-999.999
,,-999.999
,,-999.999
,,-999.999
,,-999.999
,,-999.999
,,-999.999
,,-999.999
,,-999.999
,,-999.999
,,-999.999
,,-999.999
,,-999.999
,,-999.999
,,-999.999
,,-999.999
,,-999.999
,,-999.999
,,-999.999
,,-999.999
,,-999.999
,,-999.999
,,-999.999
,,-999.999
,,-999.999
,,-999.999
,,-999.999
,,-999.999
,,-999.999
,,-999.999
,,-999.999
,,-999.999
,,-999.999
,,-999.999
,,-999.999
,,-999.999
,,-999.999
,,-999.999
,,-999.999
,,-999.999
,,-999.999
,,-999.999
,,-999.999
,,-999.999
,,-999.999
,,-999.999
,,-999.999
,,-999.999
,,-999.999
,,-999.999
,,-999.999
,,-999.999
,,-999.999
,,-999.999
,,-999.999
,,-999.999
,,-999.999
,,-999.999
,,-999.999
,,-999.999
,,-999.999
,,-999.999
,,-999.999
,,-999.999
,,-999.999
,,-999.999
,,-999.999
,,-999.999
,,-999.999
,,-999.999
,,-999.999
,,-999.999
,,-999.999
,,-999.999
,,-999.999
,,-999.999
,,-999.999
,,-999.999
,,-999.999
,,-999.999
,,-999.999
,,-999.999
,,-999.999
,,-999.999
,,-999.999
,,-999.999
,,-999.999
,,-999.999
,,-999.999
,,-999.999
,,-999.999
,,-999.999
,,-999.999
,,-999.999
,,-999.999
,,-999.999
,,-999.999
,,-999.999
,,-999.999
,,-999.999
,,-999.999
,,-999.999
,,-999.999
,,-999.999
,,-999.999
,,-999.999
,,-999.999
,,-999.999
,,-999.999
,,-999.999
,,-999.999
,,-999.999
,,-999.999
,,-999.999
,,-999.999
,,-999.999
,,-999.999
,,-999.999
,,-999.999
,,-999.999
,,-999.999
,,-999.999
,,-999.999
,,-999.999
,,-999.999
,,-999.999
,,-999.999
,,-999.999
,,-999.999
,,-999.999
,,-999.999
,,-999.999
,,-999.999
,,-999.999
,,-999.999
,,-999.999
,,-999.999
,,-999.999
,,-999.999
,,-999.999
,,-999.999
,,-999.999
,,-999.999
,,-999.999
,,-999.999
,,-999.999
,,-999.999
,,-999.999
,,-999.999
,,-999.999
,,-999.999
,,-999.999
,,-999.999
,,-999.999
,,-999.999
,,-999.999
,,-999.999
,,-999.999
,,-999.999
,,-999.999
,,-999.999
,,-999.999
,,-999.999
,,-999.999
,,-999.999
,,-999.999
,,-999.999
,,-999.999
,,-999.999
,,-999.999
,,-999.999
,,-999.999
,,-999.999
,,-999.999
,,-999.999
,,-999.999
,,-999.999
,,-999.999
,,-999.999
,,-999.999
,,-999.999
,,-999.999
,,-999.999
,,-999.999
,,-999.999
,,-999.999
,,-999.999
,,-999.999
,,-999.999
,,-999.999
,,-999.999
,,-999.999
,,-999.999
,,-999.999
,,-999.999
,,-999.999
,,-999.999
,,-999.999
,,-999.999
,,-999.999
,,-999.999
,,-999.999
,,-999.999
,,-999.999
,,-999.999
,,-999.999
,,-999.999
,,-999.999
,,20.956
,,20.957
,,20.958
,,20.960
,,20.961
,,20.962
,,20.962
,,20.963
,,20.964
,,20.965
,,20.966
,,20.966
,,20.967
,,20.968
,,20.969
,,20.969
,,20.970
,,20.971
,,20.972
,,20.973
,,20.974
,,20.975
,,20.976
,,20.977
,,20.978
,,20.979
,,20.980
,,20.981
,,20.982
,,20.984
,,20.985
,,20.986
,,20.988
,,20.989
,,20.990
,,20.991
,,20.992
,,20.994
,,20.995
,,20.996
,,20.997
,,20.998
,,20.998
,,20.999
,,21.000
,,21.000
,,21.000
,,21.001
,,21.001
,,21.001
,,21.001
,,21.001
,,21.001
,,21.001
,,21.001
,,21.000
,,21.000
,,21.000
,,21.000
,,21.000
,,21.000
,,21.000
,,21.000
,,21.000
,,20.999
,,20.999
,,20.999
,,20.998
,,20.998
,,20.997
,,20.996
,,20.995
,,20.994
,,20.993
,,20.991
,,20.990
,,20.988
,,20.985
,,20.983
,,20.981
,,20.978
,,20.974
,,20.971
,,20.967
,,20.963
,,20.958
,,20.953
,,20.948
,,20.942
,,20.936
,,20.930
,,20.923
,,20.916
,,20.908
,,20.899
,,20.890
,,20.881
,,20.871
,,20.860
,,20.848
,,20.836
,,20.822
,,20.808
,,20.794
,,20.780
,,20.766
,,20.751
,,20.737
,,20.723
,,20.709
,,20.694
,,-999.999
,,-999.999
,,-999.999
,,-999.999
,,-999.999
,,-999.999
,,-999.999
,,-999.999
,,-999.999
,,-999.999
,,-999.999
,,-999.999
,,-999.999
,,-999.999
,,-999.999
,,-999.999
,,-999.999
,,-999.999
,,-999.999
,,-999.999
,,-999.999
,,-999.999
,,-999.999
,,-999.999
,,-999.999
,,-999.999
,,-999.999
,,-999.999
,,-999.999
,,-999.999
,,-999.999
,,-999.999
,,-999.999
,,-999.999
,,-999.999
,,-999.999
,,-999.999
,,-999.999
,,-999.999
,,-999.999
,,-999.999
,,-999.999
,,-999.999
,,-999.999
,,-999.999
,,-999.999
,,-999.999
,,-999.999
,,-999.999
,,-999.999
,,-999.999
,,-999.999
,,-999.999
,,-999.999
,,-999.999
,,-999.999
,,-999.999
,,-999.999
,,-999.999
,,-999.999
,,-999.999
,,-999.999
,,-999.999
,,-999.999
,,-999.999
,,-999.999
,,-999.999
,,-999.999
,,-999.999
,,-999.999
,,-999.999
,,-999.999
,,-999.999
,,-999.999
,,-999.999
,,-999.999
,,-999.999
,,-999.999
,,-999.999
,,-999.999
,,-999.999
,,-999.999
,,-999.999
,,-999.999
,,-999.999
,,-999.999
,,-999.999
,,-999.999
,,-999.999
,,-999.999
,,-999.999
,,-999.999
,,-999.999
,,-999.999
,,-999.999
,,-999.999
,,-999.999
,,-999.999
,,-999.999
,,-999.999
,,-999.999
,,-999.999
,,-999.999
,,-999.999
,,-999.999
,,-999.999
,,-999.999
,,-999.999
,,-999.999
,,-999.999
,,-999.999
,,-999.999
,,-999.999
,,-999.999
,,-999.999
,,-999.999
,,-999.999
,,-999.999
,,-999.999
,,-999.999
,,-999.999
,,-999.999
,,-999.999
,,-999.999
,,-999.999
,,-999.999
,,-999.999
,,-999.999
,,-999.999
,,-999.999
,,-999.999
,,-999.999
,,-999.999
,,-999.999
,,-999.999
,,-999.999
,,-999.999
,,-999.999
,,-999.999
,,-999.999
,,-999.999
,,-999.999
,,-999.999
,,-999.999
,,-999.999
,,-999.999
,,-999.999
,,-999.999
,,-999.999
,,-999.999
,,-999.999
,,-999.999
,,-999.999
,,-999.999
,,-999.999
,,-999.999
,,-999.999
,,-999.999
,,-999.999
,,-999.999
,,-999.999
,,-999.999
,,-999.999
,,-999.999
,,-999.999
,,-999.999
,,-999.999
,,-999.999
,,-999.999
,,-999.999
,,-999.999
,,-999.999
,,-999.999
,,-999.999
,,-999.999
,,-999.999
,,-999.999
,,-999.999
,,-999.999
,,-999.999
,,-999.999
,,-999.999
,,-999.999
,,-999.999
,,-999.999
,,-999.999
,,-999.999
,,-999.999
,,-999.999
,,-999.999
,,-999.999
,,-999.999
,,-999.999
,,-999.999
,,-999.999
,,-999.999
,,-999.999
,,-999.999
,,-999.999
,,-999.999
,,-999.999
,,-999.999
,,-999.999
,,-999.999
,,-999.999
,,-999.999
,,-999.999
,,-999.999
,,-999.999
,,-999.999
,,-999.999
,,-999.999
,,-999.999
,,-999.999
,,-999.999
,,-999.999
,,-999.999
,,-999.999
,,-999.999
,,-999.999
,,-999.999
,,-999.999
,,-999.999
,,-999.999
,,-999.999
,,-999.999
,,-999.999
,,-999.999
,,-999.999
,,-999.999
,,-999.999
,,-999.999
,,-999.999
,,-999.999
,,-999.999
,,-999.999
,,-999.999
,,-999.999
,,-999.999
,,-999.999
,,-999.999
,,-999.999
,,-999.999
,,-999.999
,,-999.999
,,-999.999
,,-999.999
,,-999.999
,,-999.999
,,-999.999
,,-999.999
,,-999.999
,,-999.999
,,-999.999
,,-999.999
,,-999.999
,,-999.999
,,-999.999
,,-999.999
,,-999.999
,,-999.999
,,-999.999
,,-999.999
,,-999.999
,,-999.999
,,-999.999
,,-999.999
,,-999.999
,,-999.999
,,-999.999
,,-999.999
,,-999.999
,,-999.999
,,-999.999
,,-999.999
,,-999.999
,,-999.999
,,-999.999
,,-999.999
,,-999.999
,,-999.999
,,-999.999
,,-999.999
,,-999.999
,,-999.999
,,-999.999
,,-999.999
,,-999.999
,,-999.999
,,-999.999
,,-999.999
,,-999.999
,,-999.999
,,-999.999
,,-999.999
,,-999.999
,,-999.999
,,-999.999
,,-999.999
,,-999.999
,,-999.999
,,-999.999
,,-999.999
,,-999.999
,,-999.999
,,-999.999
,,-999.999
,,-999.999
,,-999.999
,,-999.999
,,-999.999
,,-999.999
,,-999.999
,,-999.999
,,-999.999
,,-999.999
,,-999.999
,,-999.999
,,-999.999
,,-999.999
,,-999.999
,,-999.999
,,-999.999
,,-999.999
,,-999.999
,,-999.999
,,-999.999
,,-999.999
,,-999.999
,,-999.999
,,-999.999
,,-999.999
,,-999.999
,,-999.999
,,-999.999
,,-999.999
,,-999.999
,,-999.999
,,-999.999
,,-999.999
,,-999.999
,,-999.999
,,-999.999
,,-999.999
,,-999.999
,,-999.999
,,-999.999
,,-999.999
,,-999.999
,,-999.999
,,-999.999
,,-999.999
,,-999.999
,,-999.999
,,-999.999
,,-999.999
,,-999.999
,,-999.999
,,-999.999
,,-999.999
,,-999.999
,,-999.999
,,-999.999
,,-999.999
,,-999.999
,,-999.999
,,-999.999
,,-999.999
,,-999.999
,,-999.999
,,-999.999
,,-999.999
,,-999.999
,,-999.999
,,-999.999
,,-999.999
,,-999.999
,,-999.999
,,-999.999
,,-999.999
,,-999.999
,,-999.999
,,-999.999
,,-999.999
,,-999.999
,,-999.999
,,-999.999
,,-999.999
,,-999.999
,,-999.999
,,-999.999
,,-999.999
,,-999.999
,,-999.999
,,-999.999
,,-999.999
,,-999.999
,,-999.999
,,-999.999
,,-999.999
,,-999.999
,,-999.999
,,-999.999
,,-999.999
,,-999.999
,,-999.999
,,-999.999
,,-999.999
,,-999.999
,,-999.999
,,-999.999
,,-999.999
,,-999.999
,,-999.999
,,-999.999
,,-999.999
,,-999.999
,,-999.999
,,-999.999
,,-999.999
,,-999.999
,,-999.999
,,-999.999
,,-999.999
,,-999.999
,,-999.999
,,-999.999
,,-999.999
,,-999.999
,,-999.999
,,-999.999
,,-999.999
,,-999.999
,,-999.999
,,-999.999
,,-999.999
,,-999.999
,,-999.999
,,-999.999
,,-999.999
,,-999.999
,,-999.999
,,-999.999
,,-999.999
,,-999.999
,,-999.999
,,-999.999
,,-999.999
,,-999.999
,,-999.999
,,-999.999
,,-999.999
,,-999.999
,,-999.999
,,-999.999
,,-999.999
,,-999.999
,,-999.999
,,-999.999
,,-999.999
,,-999.999
,,-999.999
,,-999.999
,,-999.999
,,-999.999
,,-999.999
,,-999.999
,,-999.999
,,-999.999
,,-999.999
,,-999.999
,,-999.999
,,-999.999
,,-999.999
,,-999.999
,,-999.999
,,-999.999
,,-999.999
,,-999.999
,,-999.999
,,-999.999
,,-999.999
,,-999.999
,,-999.999
,,-999.999
,,-999.999
,,-999.999
,,-999.999
,,-999.999
,,-999.999
,,-999.999
,,-999.999
,,-999.999
,,-999.999
,,-999.999
,,-999.999
,,-999.999
,,-999.999
,,-999.999
,,-999.999
,,-999.999
,,-999.999
,,-999.999
,,-999.999
,,-999.999
,,-999.999
,,-999.999
,,-999.999
,,-999.999
,,-999.999
,,-999.999
,,-999.999
,,-999.999
,,-999.999
,,-999.999
,,-999.999
,,-999.999
,,-999.999
,,-999.999
,,-999.999
,,-999.999
,,-999.999
,,-999.999
,,-999.999
,,-999.999
,,-999.999
,,-999.999
,,-999.999
,,-999.999
,,-999.999
,,-999.999
,,-999.999
,,-999.999
,,-999.999
,,-999.999
,,-999.999
,,-999.999
,,-999.999
,,-999.999
,,-999.999
,,-999.999
,,-999.999
,,-999.999
,,-999.999
,,-999.999
,,-999.999
,,-999.999
,,-999.999
,,-999.999
,,-999.999
,,-999.999
,,-999.999
,,-999.999
,,-999.999
,,-999.999
,,-999.999
,,-999.999
,,-999.999
,,-999.999
,,-999.999
,,-999.999
,,-999.999
,,-999.999
,,-999.999
,,-999.999
,,-999.999
,,-999.999
,,-999.999
,,-999.999
,,-999.999
,,-999.999
,,-999.999
,,-999.999
,,-999.999
,,-999.999
,,-999.999
,,-999.999
,,-999.999
,,-999.999
,,-999.999
,,-999.999
,,-999.999
,,-999.999
,,-999.999
,,-999.999
,,-999.999
,,-999.999
,,-999.999
,,-999.999
,,-999.999
,,-999.999
,,-999.999
,,-999.999
,,-999.999
,,-999.999
,,-999.999
,,-999.999
,,-999.999
,,-999.999
,,-999.999
,,-999.999
,,-999.999
,,-999.999
,,-999.999
,,-999.999
,,-999.999
,,-999.999
,,-999.999
,,-999.999
,,-999.999
,,-999.999
,,-999.999
,,-999.999
,,-999.999
,,-999.999
,,-999.999
,,-999.999
,,-999.999
,,-999.999
,,-999.999
,,-999.999
,,-999.999
,,-999.999
,,-999.999
,,-999.999
,,-999.999
,,-999.999
,,-999.999
,,-999.999
,,-999.999
,,-999.999
,,-999.999
,,-999.999
,,-999.999
,,-999.999
,,-999.999
,,-999.999
,,-999.999
,,-999.999
,,-999.999
,,-999.999
,,-999.999
,,-999.999
,,-999.999
,,-999.999
,,-999.999
,,-999.999
,,-999.999
,,-999.999
,,-999.999
,,-999.999
,,-999.999
,,-999.999
,,-999.999
,,-999.999
,,-999.999
,,-999.999
,,-999.999
,,-999.999
,,-999.999
,,-999.999
,,-999.999
,,-999.999
,,-999.999
,,-999.999
,,-999.999
,,-999.999
,,-999.999
,,-999.999
,,-999.999
,,-999.999
,,-999.999
,,-999.999
,,-999.999
,,-999.999
,,-999.999
,,-999.999
,,-999.999
,,-999.999
,,-999.999
,,-999.999
,,-999.999
,,-999.999
,,-999.999
,,-999.999
,,-999.999
,,-999.999
,,-999.999
,,-999.999
,,-999.999
,,-999.999
,,-999.999
,,-999.999
,,-999.999
,,-999.999
,,-999.999
,,-999.999
,,-999.999
,,-999.999
,,-999.999
,,-999.999
,,-999.999
,,-999.999
,,-999.999
,,-999.999
,,-999.999
,,-999.999
,,-999.999
,,-999.999
,,-999.999
,,-999.999
,,-999.999
,,-999.999
,,-999.999
,,-999.999
,,-999.999
,,-999.999
,,-999.999
,,-999.999
,,-999.999
,,-999.999
,,-999.999
,,-999.999
,,-999.999
,,-999.999
,,-999.999
,,-999.999
,,-999.999
,,-999.999
,,-999.999
,,-999.999
,,-999.999
,,-999.999
,,-999.999
,,-999.999
,,-999.999
,,-999.999
,,-999.999
,,-999.999
,,-999.999
,,-999.999
,,-999.999
,,-999.999
,,-999.999
,,-999.999
,,-999.999
,,-999.999
,,-999.999
,,-999.999
,,-999.999
,,-999.999
,,-999.999
,,-999.999
,,-999.999
,,-999.999
,,-999.999
,,-999.999
,,-999.999
,,-999.999
,,-999.999
,,-999.999
,,-999.999
,,-999.999
,,-999.999
,,-999.999
,,-999.999
,,-999.999
,,-999.999
,,-999.999
,,35.905
,,35.911
,,35.916
,,35.921
,,35.926
,,35.931
,,35.936
,,35.941
,,35.946
,,35.950
,,35.955
,,35.959
,,35.964
,,35.968
,,35.972
,,35.976
,,35.980
,,35.984
,,35.988
,,35.992
,,35.996
,,35.999
,,36.003
,,36.007
,,36.010
,,36.013
,,36.017
,,36.020
,,36.023
,,36.027
,,36.030
,,36.033
,,36.036
,,36.038
,,36.041
,,36.044
,,36.046
,,36.049
,,36.051
,,36.053
,,36.056
,,36.058
,,36.060
,,36.062
,,36.064
,,36.065
,,36.067
,,36.069
,,36.070
,,36.071
,,36.073
,,36.074
,,36.075
,,36.076
,,36.077
,,36.078
,,36.078
,,36.079
,,36.080
,,36.080
,,36.080
,,36.081
,,36.081
,,36.082
,,36.082
,,36.083
,,36.083
,,36.084
,,36.084
,,36.084
,,36.085
,,36.085
,,36.086
,,36.086
,,36.087
,,36.087
,,36.087
,,36.088
,,36.088
,,36.089
,,36.089
,,36.089
,,36.090
,,36.090
,,36.090
,,36.090
,,36.091
,,36.091
,,36.091
,,36.091
,,36.091
,,36.090
,,36.090
,,36.090
,,36.089
,,36.089
,,36.088
,,36.087
,,36.086
,,36.084
,,36.083
,,36.081
,,36.079
,,36.077
,,36.074
,,36.071
,,36.068
,,36.065
,,36.061
,,36.056
,,36.052
,,36.046
,,36.041
,,36.035
,,36.028
,,36.021
,,36.014
,,36.006
,,35.997
,,35.988
,,35.978
,,35.967
,,35.956
,,35.944
,,35.932
,,35.918
,,35.905
,,35.890
,,35.875
,,35.859
,,35.842
,,35.824
,,35.806
,,35.786
,,35.766
,,35.745
,,35.723
,,35.701
,,35.677
,,35.652
,,35.627
,,35.600
,,35.572
,,35.544
,,35.514
,,35.483
,,35.451
,,35.418
,,35.383
,,35.347
,,35.310
,,35.273
,,35.235
,,35.198
,,35.160
,,35.122
,,35.085
,,35.047
,,35.010
,,-999.999
,,-999.999
,,-999.999
,,-999.999
,,-999.999
,,-999.999
,,-999.999
,,-999.999
,,-999.999
,,-999.999
,,-999.999
,,-999.999
,,-999.999
,,-999.999
,,-999.999
,,-999.999
,,-999.999
,,-999.999
,,-999.999
,,-999.999
,,-999.999
,,-999.999
,,-999.999
,,-999.999
,,-999.999
,,-999.999
,,-999.999
,,-999.999
,,-999.999
,,-999.999
,,-999.999
,,-999.999
,,-999.999
,,-999.999
,,-999.999
,,-999.999
,,-999.999
,,-999.999
,,-999.999
,,-999.999
,,-999.999
,,-999.999
,,-999.999
,,-999.999
,,-999.999
,,-999.999
,,-999.999
,,-999.999
,,-999.999
,,-999.999
,,-999.999
,,-999.999
,,-999.999
,,-999.999
,,-999.999
,,-999.999
,,-999.999
,,-999.999
,,-999.999
,,-999.999
,,-999.999
,,-999.999
,,-999.999
,,-999.999
,,-999.999
,,-999.999
,,-999.999
,,-999.999
,,-999.999
,,-999.999
,,-999.999
,,-999.999
,,-999.999
,,-999.999
,,-999.999
,,-999.999
,,-999.999
,,-999.999
,,-999.999
,,-999.999
,,-999.999
,,-999.999
,,-999.999
,,-999.999
,,-999.999
,,-999.999
,,-999.999
,,-999.999
,,-999.999
,,-999.999
,,-999.999
,,-999.999
,,-999.999
,,-999.999
,,-999.999
,,-999.999
,,-999.999
,,-999.999
,,-999.999
,,-999.999
,,-999.999
,,-999.999
,,-999.999
,,-999.999
,,-999.999
,,-999.999
,,-999.999
,,-999.999
,,-999.999
,,-999.999
,,-999.999
,,-999.999
,,-999.999
,,-999.999
,,-999.999
,,-999.999
,,-999.999
,,-999.999
,,-999.999
,,-999.999
,,-999.999
,,-999.999
,,-999.999
,,-999.999
,,-999.999
,,-999.999
,,-999.999
,,-999.999
,,-999.999
,,-999.999
,,-999.999
,,-999.999
,,-999.999
,,-999.999
,,-999.999
,,-999.999
,,-999.999
,,-999.999
,,-999.999
,,-999.999
,,-999.999
,,-999.999
,,-999.999
,,-999.999
,,-999.999
,,-999.999
,,-999.999
,,-999.999
,,-999.999
,,-999.999
,,-999.999
,,-999.999
,,-999.999
,,-999.999
,,-999.999
,,-999.999
,,-999.999
,,-999.999
,,-999.999
,,-999.999
,,-999.999
,,-999.999
,,-999.999
,,-999.999
,,-999.999
,,-999.999
,,-999.999
,,-999.999
,,-999.999
,,-999.999
,,-999.999
,,-999.999
,,-999.999
,,-999.999
,,-999.999
,,-999.999
,,-999.999
,,-999.999
,,-999.999
,,-999.999
,,-999.999
,,-999.999
,,-999.999
,,-999.999
,,-999.999
,,-999.999
,,-999.999
,,-999.999
,,-999.999
,,-999.999
,,-999.999
,,-999.999
,,-999.999
,,-999.999
,,-999.999
,,-999.999
,,-999.999
,,-999.999
,,-999.999
,,-999.999
,,-999.999
,,-999.999
,,-999.999
,,-999.999
,,-999.999
,,-999.999
,,-999.999
,,-999.999
,,-999.999
,,-999.999
,,-999.999
,,-999.999
,,-999.999
,,-999.999
,,-999.999
,,-999.999
,,-999.999
,,-999.999
,,-999.999
,,-999.999
,,-999.999
,,-999.999
,,-999.999
,,-999.999
,,-999.999
,,-999.999
,,-999.999
,,-999.999
,,-999.999
,,-999.999
,,-999.999
,,-999.999
,,-999.999
,,-999.999
,,-999.999
,,-999.999
,,-999.999
,,-999.999
,,-999.999
,,-999.999
,,-999.999
,,-999.999
,,-999.999
,,-999.999
,,-999.999
,,-999.999
,,-999.999
,,-999.999
,,-999.999
,,-999.999
,,-999.999
,,-999.999
,,-999.999
,,-999.999
,,-999.999
,,-999.999
,,-999.999
,,-999.999
,,-999.999
,,-999.999
,,-999.999
,,-999.999
,,-999.999
,,-999.999
,,-999.999
,,-999.999
,,-999.999
,,-999.999
,,-999.999
,,-999.999
,,-999.999
,,-999.999
,,-999.999
,,-999.999
,,-999.999
,,-999.999
,,-999.999
,,-999.999
,,-999.999
,,-999.999
,,-999.999
,,-999.999
,,-999.999
,,-999.999
,,-999.999
,,-999.999
,,-999.999
,,-999.999
,,-999.999
,,-999.999
,,-999.999
,,-999.999
,,-999.999
,,-999.999
,,-999.999
,,-999.999
,,-999.999
,,-999.999
,,-999.999
,,-999.999
,,-999.999
,,-999.999
,,-999.999
,,-999.999
,,-999.999
,,-999.999
,,-999.999
,,-999.999
,,-999.999
,,-999.999
,,-999.999
,,-999.999
,,-999.999
,,-999.999
,,-999.999
,,-999.999
,,-999.999
,,-999.999
,,-999.999
,,-999.999
,,-999.999
,,-999.999
,,-999.999
,,-999.999
,,-999.999
,,-999.999
,,-999.999
,,-999.999
,,-999.999
,,-999.999
,,-999.999
,,-999.999
,,-999.999
,,-999.999
,,-999.999
,,-999.999
,,-999.999
,,-999.999
,,-999.999
,,-999.999
,,-999.999
,,-999.999
,,-999.999
,,-999.999
,,-999.999
,,-999.999
,,-999.999
,,-999.999
,,-999.999
,,-999.999
,,-999.999
,,-999.999
,,-999.999
,,-999.999
,,-999.999
,,-999.999
,,-999.999
,,-999.999
,,-999.999
,,-999.999
,,-999.999
,,-999.999
,,-999.999
,,-999.999
,,-999.999
,,-999.999
,,-999.999
,,-999.999
,,-999.999
,,-999.999
,,-999.999
,,-999.999
,,-999.999
,,-999.999
,,-999.999
,,-999.999
,,-999.999
,,-999.999
,,-999.999
,,-999.999
,,-999.999
,,-999.999
,,-999.999
,,-999.999
,,-999.999
,,-999.999
,,-999.999
,,-999.999
,,-999.999
,,-999.999
,,-999.999
,,-999.999
,,-999.999
,,-999.999
,,-999.999
,,-999.999
,,-999.999
,,-999.999
,,-999.999
,,-999.999
,,-999.999
,,-999.999
,,-999.999
,,-999.999
,,-999.999
,,-999.999
,,-999.999
,,-999.999
,,-999.999
,,-999.999
,,-999.999
,,-999.999
,,-999.999
,,-999.999
,,-999.999
,,-999.999
,,-999.999
,,-999.999
,,-999.999
,,-999.999
,,-999.999
,,-999.999
,,-999.999
,,-999.999
,,-999.999
,,-999.999
,,-999.999
,,-999.999
,,-999.999
,,-999.999
,,-999.999
,,-999.999
,,-999.999
,,-999.999
,,-999.999
,,-999.999
,,-999.999
,,-999.999
,,-999.999
,,-999.999
,,-999.999
,,-999.999
,,-999.999
,,-999.999
,,-999.999
,,-999.999
,,-999.999
,,-999.999
,,-999.999
,,-999.999
,,-999.999
,,-999.999
,,-999.999
,,-999.999
,,-999.999
,,-999.999
,,-999.999
,,-999.999
,,-999.999
,,-999.999
,,-999.999
,,-999.999
,,-999.999
,,-999.999
,,-999.999
,,-999.999
,,-999.999
,,-999.999
,,-999.999
,,-999.999
,,-999.999
,,-999.999
,,-999.999
,,-999.999
,,-999.999
,,-999.999
,,-999.999
,,-999.999
,,-999.999
,,-999.999
,,-999.999
,,-999.999
,,-999.999
,,-999.999
,,-999.999
,,-999.999
,,-999.999
,,-999.999
,,-999.999
,,-999.999
,,-999.999
,,-999.999
,,-999.999
,,-999.999
,,-999.999
,,-999.999
,,-999.999
,,-999.999
,,-999.999
,,-999.999
,,-999.999
,,-999.999
,,-999.999
,,-999.999
,,-999.999
,,-999.999
,,-999.999
,,-999.999
,,-999.999
,,-999.999
,,-999.999
,,-999.999
,,-999.999
,,-999.999
,,-999.999
,,-999.999
,,-999.999
,,-999.999
,,-999.999
,,-999.999
,,-999.999
,,-999.999
,,-999.999
,,-999.999
,,-999.999
,,-999.999
,,-999.999
,,-999.999
,,-999.999
,,-999.999
,,-999.999
,,-999.999
,,-999.999
,,-999.999
,,-999.999
,,-999.999
,,-999.999
,,-999.999
,,-999.999
,,-999.999
,,-999.999
,,-999.999
,,-999.999
,,-999.999
,,-999.999
,,-999.999
,,-999.999
,,-999.999
,,-999.999
,,-999.999
,,-999.999
,,-999.999
,,-999.999
,,-999.999
,,-999.999
,,-999.999
,,-999.999
,,-999.999
,,-999.999
,,-999.999
,,-999.999
,,-999.999
,,-999.999
,,-999.999
,,-999.999
,,-999.999
,,-999.999
,,-999.999
,,-999.999
,,-999.999
,,-999.999
,,-999.999
,,-999.999
,,-999.999
,,-999.999
,,-999.999
,,-999.999
,,-999.999
,,-999.999
,,-999.999
,,-999.999
,,-999.999
,,-999.999
,,-999.999
,,-999.999
,,-999.999
,,-999.999
,,-999.999
,,-999.999
,,-999.999
,,-999.999
,,-999.999
,,-999.999
,,-999.999
,,-999.999
,,-999.999
,,-999.999
,,-999.999
,,-999.999
,,-999.999
,,-999.999
,,-999.999
,,-999.999
,,-999.999
,,-999.999
,,-999.999
,,-999.999
,,-999.999
,,-999.999
,,-999.999
,,-999.999
,,-999.999
,,-999.999
,,-999.999
,,-999.999
,,-999.999
,,-999.999
,,-999.999
,,-999.999
,,-999.999
,,-999.999
,,-999.999
,,-999.999
,,-999.999
,,-999.999
,,-999.999
,,-999.999
,,-999.999
,,-999.999
,,-999.999
,,-999.999
,,-999.999
,,-999.999
,,-999.999
,,-999.999
,,-999.999
,,-999.999
,,-999.999
,,-999.999
,,-999.999
,,-999.999
,,-999.999
,,-999.999
,,-999.999
,,-999.999
,,-999.999
,,-999.999
,,-999.999
,,-999.999
,,-999.999
,,-999.999
,,-999.999
,,-999.999
,,-999.999
,,-999.999
,,-999.999
,,-999.999
,,-999.999
,,-999.999
,,-999.999
,,-999.999
,,-999.999
,,-999.999
,,-999.999
,,-999.999
,,-999.999
,,-999.999
,,-999.999
,,-999.999
,,-999.999
,,-999.999
,,-999.999
,,-999.999
,,-999.999
,,-999.999
,,-999.999
,,-999.999
,,-999.999
,,-999.999
,,-999.999
,,-999.999
,,-999.999
,,-999.999
,,-999.999
,,-999.999
,,-999.999
,,-999.999
,,-999.999
,,-999.999
,,-999.999
,,-999.999
,,-999.999
,,-999.999
,,-999.999
,,-999.999
,,-999.999
,,-999.999
,,-999.999
,,-999.999
,,-999.999
,,-999.999
,,-999.999
,,-999.999
,,-999.999
,,-999.999
,,-999.999
,,-999.999
,,-999.999
,,-999.999
,,-999.999
,,-999.999
,,-999.999
,,-999.999
,,-999.999
,,-999.999
,,-999.999
,,-999.999
,,-999.999
,,-999.999
,,-999.999
,,-999.999
,,-999.999
,,-999.999
,,-999.999
,,-999.999
,,-999.999
,,-999.999
,,-999.999
,,-999.999
,,-999.999
,,-999.999
,,-999.999
,,-999.999
,,-999.999
,,-999.999
,,-999.999
,,-999.999
,,-999.999
,,-999.999
,,-999.999
,,-999.999
,,-999.999
,,-999.999
,,-999.999
,,-999.999
,,-999.999
,,-999.999
,,-999.999
,,-999.999
,,-999.999
,,-999.999
,,-999.999
,,-999.999
,,-999.999
,,-999.999
,,-999.999
,,-999.999
,,-999.999
,,-999.999
,,-999.999
,,-999.999
,,-999.999
,,-999.999
,,-999.999
,,-999.999
,,-999.999
,,-999.999
,,-999.999
,,-999.999
,,-999.999
,,-999.999
,,-999.999
,,-999.999
,,-999.999
,,-999.999
,,-999.999
,,-999.999
,,-999.999
,,-999.999
,,-999.999
,,-999.999
,,-999.999
,,-999.999
,,-999.999
,,-999.999
,,-999.999
,,-999.999
,,-999.999
,,-999.999
,,-999.999
,,-999.999
,,-999.999
,,-999.999
,,-999.999
,,-999.999
,,-999.999
,,-999.999
,,-999.999
,,-999.999
,,-999.999
,,-999.999
,,-999.999
,,-999.999
,,-999.999
,,-999.999
,,-999.999
,,-999.999
,,-999.999
,,-999.999
,,-999.999
,,-999.999
,,-999.999
,,-999.999
,,-999.999
,,-999.999
,,-999.999
,,-999.999
,,-999.999
,,-999.999
,,-999.999
,,-999.999
,,-999.999
,,-999.999
,,-999.999
,,-999.999
,,-999.999
,,-999.999
,,-999.999
,,-999.999
,,-999.999
,,-999.999
,,-999.999
,,-999.999
,,-999.999
,,-999.999
,,-999.999
,,-999.999
,,-999.999
,,-999.999
,,-999.999
,,-999.999
,,-999.999
,,-999.999
,,-999.999
,,-999.999
,,-999.999
,,-999.999
,,-999.999
,,-999.999
,,-999.999
,,-999.999
,,-999.999
,,-999.999
,,-999.999
,,-999.999
,,-999.999
,,-999.999
,,-999.999
,,-999.999
,,-999.999
,,-999.999
,,-999.999
,,-999.999
,,-999.999
,,-999.999
,,-999.999
,,-999.999
,,-999.999
,,-999.999
,,-999.999
,,-999.999
,,-999.999
,,-999.999
,,-999.999
,,-999.999
,,-999.999
,,-999.999
,,-999.999
,,-999.999
,,-999.999
,,-999.999
,,-999.999
,,-999.999
,,-999.999
,,-999.999
,,-999.999
,,-999.999
,,-999.999
,,-999.999
,,-999.999
,,-999.999
,,-999.999
,,-999.999
,,-999.999
,,-999.999
,,-999.999
,,-999.999
,,-999.999
,,-999.999
,,-999.999
,,-999.999
,,-999.999
,,-999.999
,,-999.999
,,-999.999
,,-999.999
,,-999.999
,,-999.999
,,-999.999
,,-999.999
,,-999.999
,,-999.999
,,-999.999
,,-999.999
,,-999.999
,,-999.999
,,-999.999
,,-999.999
,,-999.999
,,-999.999
,,-999.999
,,-999.999
,,-999.999
,,-999.999
,,-999.999
,,-999.999
,,-999.999
,,-999.999
,,-999.999
,,-999.999
,,-999.999
,,-999.999
,,-999.999
,,-999.999
,,-999.999
,,-999.999
,,-999.999
,,-999.999
,,-999.999
,,-999.999
,,-999.999
,,-999.999
,,-999.999
,,-999.999
,,-999.999
,,-999.999
,,-999.999
,,-999.999
,,-999.999
,,-999.999
,,-999.999
,,-999.999
,,-999.999
,,-999.999
,,-999.999
,,-999.999
,,-999.999
,,-999.999
,,-999.999
,,-999.999
,,-999.999
,,-999.999
,,-999.999
,,-999.999
,,-999.999
,,-999.999
,,-999.999
,,-999.999
,,-999.999
,,-999.999
,,-999.999
,,-999.999
,,-999.999
,,-999.999
,,-999.999
,,-999.999
,,-999.999
,,-999.999
,,-999.999
,,-999.999
,,-999.999
,,-999.999
,,-999.999
,,-999.999
,,-999.999
,,-999.999
,,-999.999
,,-999.999
,,-999.999
,,-999.999
,,-999.999
,,-999.999
,,-999.999
,,-999.999
,,-999.999
,,-999.999
,,-999.999
,,-999.999
,,-999.999
,,-999.999
,,-999.999
,,-999.999
,,-999.999
,,-999.999
,,-999.999
,,-999.999
,,-999.999
,,-999.999
,,-999.999
,,-999.999
,,-999.999
,,-999.999
,,-999.999
,,-999.999
,,-999.999
,,-999.999
,,-999.999
,,-999.999
,,-999.999
,,-999.999
,,-999.999
,,-999.999
,,-999.999
,,-999.999
,,-999.999
,,-999.999
,,-999.999
,,-999.999
,,-999.999
,,-999.999
,,-999.999
,,-999.999
,,-999.999
,,-999.999
,,-999.999
,,-999.999
,,-999.999
,,-999.999
,,-999.999
,,-999.999
,,-999.999
,,-999.999
,,-999.999
,,-999.999
,,-999.999
,,-999.999
,,-999.999
,,-999.999
,,-999.999
,,-999.999
,,-999.999
,,-999.999
,,-999.999
,,-999.999
,,-999.999
,,-999.999
,,-999.999
,,-999.999
,,-999.999
,,-999.999
,,-999.999
,,-999.999
,,-999.999
,,-999.999
,,-999.999
,,-999.999
,,-999.999
,,-999.999
,,-999.999
,,-999.999
,,-999.999
,,-999.999
,,-999.999
,,-999.999
,,-999.999
,,-999.999
,,-999.999
,,-999.999
,,-999.999
,,-999.999
,,-999.999
,,-999.999
,,-999.999
,,-999.999
,,-999.999
,,-999.999
,,-999.999
,,-999.999
,,-999.999
,,-999.999
,,-999.999
,,-999.999
,,-999.999
,,-999.999
,,-999.999
,,-999.999
,,-999.999
,,-999.999
,,-999.999
,,-999.999
,,-999.999
,,-999.999
,,-999.999
,,-999.999
,,-999.999
,,-999.999
,,-999.999
,,-999.999
,,-999.999
,,-999.999
,,-999.999
,,-999.999
,,-999.999
,,-999.999
,,-999.999
,,-999.999
,,-999.999
,,-999.999
,,-999.999
,,-999.999
,,-999.999
,,-999.999
,,-999.999
,,-999.999
,,-999.999
,,-999.999
,,-999.999
,,-999.999
,,-999.999
,,-999.999
,,-999.999
,,-999.999
,,-999.999
,,-999.999
,,-999.999
,,-999.999
,,-999.999
,,-999.999
,,-999.999
,,-999.999
,,-999.999
,,-999.999
,,-999.999
,,-999.999
,,-999.999
,,-999.999
,,-999.999
,,-999.999
,,-999.999
,,-999.999
,,-999.999
,,-999.999
,,-999.999
,,-999.999
,,-999.999
,,-999.999
,,-999.999
,,-999.999
,,-999.999
,,-999.999
,,-999.999
,,-999.999
,,-999.999
,,-999.999
,,-999.999
,,-999.999
,,-999.999
,,-999.999
,,-999.999
,,-999.999
,,-999.999
,,-999.999
,,-999.999
,,-999.999
,,-999.999
,,-999.999
,,-999.999
,,-999.999
,,-999.999
,,-999.999
,,-999.999
,,-999.999
,,-999.999
,,-999.999
,,-999.999
,,-999.999
,,-999.999
,,-999.999
,,-999.999
,,-999.999
,,-999.999
,,-999.999
,,-999.999
,,-999.999
,,-999.999
,,-999.999
,,-999.999
,,-999.999
,,-999.999
,,-999.999
,,-999.999
,,-999.999
,,-999.999
,,-999.999
,,-999.999
,,-999.999
,,-999.999
,,-999.999
,,-999.999
,,-999.999
,,-999.999
,,-999.999
,,-999.999
,,-999.999
,,-999.999
,,-999.999
,,-999.999
,,-999.999
,,-999.999
,,-999.999
,,-999.999
,,-999.999
,,-999.999
,,-999.999
,,-999.999
,,-999.999
,,-999.999
,,-999.999
,,-999.999
,,-999.999
,,-999.999
,,-999.999
,,-999.999
,,-999.999
,,-999.999
,,-999.999
,,-999.999
,,-999.999
,,-999.999
,,-999.999
,,-999.999
,,-999.999
,,-999.999
,,-999.999
,,-999.999
,,-999.999
,,-999.999
,,-999.999
,,-999.999
,,-999.999
,,-999.999
,,-999.999
,,-999.999
,,-999.999
,,-999.999
,,-999.999
,,-999.999
,,-999.999
,,-999.999
,,-999.999
,,-999.999
,,-999.999
,,-999.999
,,-999.999
,,-999.999
,,-999.999
,,-999.999
,,-999.999
,,-999.999
,,-999.999
,,-999.999
,,-999.999
,,-999.999
,,-999.999
,,-999.999
,,-999.999
,,-999.999
,,-999.999
,,-999.999
,,-999.999
,,-999.999
,,-999.999
,,-999.999
,,-999.999
,,-999.999
,,-999.999
,,-999.999
,,-999.999
,,-999.999
,,-999.999
,,-999.999
,,-999.999
,,-999.999
,,-999.999
,,-999.999
,,-999.999
,,-999.999
,,-999.999
,,-999.999
,,-999.999
,,-999.999
,,-999.999
,,-999.999
,,-999.999
,,-999.999
,,-999.999
,,-999.999
,,-999.999
,,-999.999
,,-999.999
,,-999.999
,,-999.999
,,-999.999
,,-999.999
,,-999.999
,,-999.999
,,-999.999
,,-999.999
,,-999.999
,,-999.999
,,-999.999
,,-999.999
,,-999.999
,,-999.999
,,-999.999
,,-999.999
,,-999.999
,,-999.999
,,-999.999
,,-999.999
,,-999.999
,,-999.999
,,-999.999
,,-999.999
,,-999.999
,,-999.999
,,-999.999
,,-999.999
,,-999.999
,,-999.999
,,-999.999
,,-999.999
,,-999.999
,,-999.999
,,-999.999
,,-999.999
,,-999.999
,,-999.999
,,-999.999
,,-999.999
,,-999.999
,,-999.999
,,-999.999
,,-999.999
,,-999.999
,,-999.999
,,-999.999
,,-999.999
,,-999.999
,,-999.999
,,-999.999
,,-999.999
,,-999.999
,,-999.999
,,-999.999
,,-999.999
,,-999.999
,,-999.999
,,-999.999
,,-999.999
,,-999.999
,,-999.999
,,-999.999
,,-999.999
,,-999.999
,,-999.999
,,-999.999
,,-999.999
,,-999.999
,,-999.999
,,-999.999
,,-999.999
,,-999.999
,,-999.999
,,-999.999
,,-999.999
,,-999.999
,,-999.999
,,-999.999
,,-999.999
,,-999.999
,,-999.999
,,-999.999
,,-999.999
,,-999.999
,,-999.999
,,-999.999
,,-999.999
,,-999.999
,,-999.999
,,-999.999
,,-999.999
,,-999.999
,,-999.999
,,-999.999
,,-999.999
,,-999.999
,,-999.999
,,-999.999
,,-999.999
,,-999.999
,,-999.999
,,-999.999
,,-999.999
,,-999.999
,,-999.999
,,-999.999
,,-999.999
,,-999.999
,,-999.999
,,-999.999
,,-999.999
,,-999.999
,,-999.999
,,-999.999
,,-999.999
,,-999.999
,,-999.999
,,-999.999
,,-999.999
,,-999.999
,,-999.999
,,-999.999
,,-999.999
,,-999.999
,,-999.999
,,-999.999
,,-999.999
,,-999.999
,,-999.999
,,-999.999
,,-999.999
,,-999.999
,,-999.999
,,-999.999
,,-999.999
,,-999.999
,,-999.999
,,-999.999
,,-999.999
,,-999.999
,,-999.999
,,-999.999
,,-999.999
,,-999.999
,,-999.999
,,-999.999
,,-999.999
,,-999.999
,,-999.999
,,-999.999
,,-999.999
,,-999.999
,,-999.999
,,-999.999
,,-999.999
,,-999.999
,,-999.999
,,-999.999
,,-999.999
,,-999.999
,,-999.999
,,-999.999
,,-999.999
,,-999.999
,,-999.999
,,-999.999
,,-999.999
,,-999.999
,,-999.999
,,-999.999
,,-999.999
,,-999.999
,,-999.999
,,-999.999
,,-999.999
,,-999.999
,,-999.999
,,-999.999
,,-999.999
,,-999.999
,,-999.999
,,-999.999
,,-999.999
,,-999.999
,,-999.999
,,-999.999
,,-999.999
,,-999.999
,,-999.999
,,-999.999
,,-999.999
,,-999.999
,,-999.999
,,-999.999
,,-999.999
,,-999.999
,,-999.999
,,-999.999
,,-999.999
,,-999.999
,,-999.999
,,-999.999
,,-999.999
,,-999.999
,,-999.999
,,-999.999
,,-999.999
,,-999.999
,,-999.999
,,-999.999
,,-999.999
,,-999.999
,,-999.999
,,-999.999
,,-999.999
,,-999.999
,,-999.999
,,-999.999
,,-999.999
,,-999.999
,,-999.999
,,-999.999
,,-999.999
,,-999.999
,,-999.999
,,-999.999
,,-999.999
,,-999.999
,,-999.999
,,-999.999
,,-999.999
,,-999.999
,,-999.999
,,-999.999
,,-999.999
,,-999.999
,,-999.999
,,-999.999
,,-999.999
,,-999.999
,,-999.999
,,-999.999
,,-999.999
,,-999.999
,,-999.999
,,-999.999
,,-999.999
,,-999.999
,,-999.999
,,-999.999
,,-999.999
,,-999.999
,,-999.999
,,-999.999
,,-999.999
,,-999.999
,,-999.999
,,-999.999
,,-999.999
,,-999.999
,,-999.999
,,-999.999
,,-999.999
,,-999.999
,,-999.999
,,-999.999
,,-999.999
,,-999.999
,,-999.999
,,-999.999
,,-999.999
,,-999.999
,,-999.999
,,-999.999
,,-999.999
,,-999.999
,,-999.999
,,-999.999
,,-999.999
,,-999.999
,,-999.999
,,-999.999
,,-999.999
,,-999.999
,,-999.999
,,-999.999
,,-999.999
,,-999.999
,,-999.999
,,-999.999
,,-999.999
,,-999.999
,,-999.999
,,-999.999
,,-999.999
,,-999.999
,,-999.999
,,-999.999
,,-999.999
,,-999.999
,,-999.999
,,-999.999
,,-999.999
,,-999.999
,,-999.999
,,-999.999
,,-999.999
,,-999.999
,,-999.999
,,-999.999
,,-999.999
,,-999.999
,,-999.999
,,-999.999
,,-999.999
,,-999.999
,,-999.999
,,-999.999
,,-999.999
,,-999.999
,,-999.999
,,-999.999
,,-999.999
,,-999.999
,,-999.999
,,-999.999
,,-999.999
,,-999.999
,,-999.999
,,-999.999
,,-999.999
,,-999.999
,,-999.999
,,-999.999
,,-999.999
,,30.685
,,30.684
,,30.684
,,30.683
,,30.683
,,30.682
,,30.682
,,30.682
,,30.681
,,30.681
,,30.681
,,30.681
,,30.681
,,30.681
,,30.681
,,30.681
,,30.682
,,30.682
,,30.682
,,30.683
,,30.684
,,30.684
,,30.685
,,30.686
,,30.687
,,30.687
,,30.689
,,30.690
,,30.691
,,30.692
,,30.693
,,30.694
,,30.696
,,30.697
,,30.698
,,30.700
,,30.701
,,30.703
,,30.704
,,30.706
,,30.707
,,30.709
,,30.710
,,30.711
,,30.713
,,30.714
,,30.715
,,30.716
,,30.717
,,30.718
,,30.719
,,30.719
,,30.720
,,30.720
,,30.720
,,30.720
,,30.720
,,30.719
,,30.719
,,30.718
,,30.717
,,30.716
,,30.715
,,30.713
,,30.712
,,30.710
,,30.708
,,30.706
,,30.705
,,30.702
,,30.700
,,30.698
,,30.696
,,30.694
,,30.691
,,30.689
,,30.687
,,30.684
,,30.682
,,30.679
,,30.677
,,30.674
,,30.671
,,30.669
,,30.666
,,30.663
,,30.660
,,30.657
,,30.654
,,30.651
,,30.648
,,30.644
,,30.640
,,30.637
,,30.633
,,30.628
,,30.624
,,30.619
,,30.614
,,30.609
,,30.604
,,30.598
,,30.592
,,30.585
,,30.578
,,30.571
,,30.564
,,30.555
,,30.547
,,30.538
,,30.529
,,30.519
,,30.509
,,30.498
,,30.487
,,30.475
,,30.463
,,30.450
,,30.437
,,30.423
,,30.409
,,30.394
,,30.378
,,30.362
,,30.345
,,30.328
,,30.310
,,30.291
,,30.272
,,30.252
,,30.231
,,30.210
,,30.187
,,30.164
,,30.141
,,30.116
,,30.090
,,30.064
,,30.036
,,30.007
,,29.978
,,29.949
,,29.920
,,29.891
,,29.862
,,29.833
,,29.804
,,29.775
,,-999.999
,,-999.999
,,-999.999
,,-999.999
,,-999.999
,,-999.999
,,-999.999
,,-999.999
,,-999.999
,,-999.999
,,-999.999
,,-999.999
,,-999.999
,,-999.999
,,-999.999
,,-999.999
,,-999.999
,,-999.999
,,-999.999
,,-999.999
,,-999.999
,,-999.999
,,-999.999
,,-999.999
,,-999.999
,,-999.999
,,-999.999
,,-999.999
,,-999.999
,,-999.999
,,-999.999
,,-999.999
,,-999.999
,,-999.999
,,-999.999
,,-999.999
,,-999.999
,,-999.999
,,-999.999
,,-999.999
,,-999.999
,,-999.999
,,-999.999
,,-999.999
,,-999.999
,,-999.999
,,-999.999
,,-999.999
,,-999.999
,,-999.999
,,-999.999
,,-999.999
,,-999.999
,,-999.999
,,-999.999
,,-999.999
,,-999.999
,,-999.999
,,-999.999
,,-999.999
,,-999.999
,,-999.999
,,-999.999
,,-999.999
,,-999.999
,,-999.999
,,-999.999
,,-999.999
,,-999.999
,,-999.999
,,-999.999
,,-999.999
,,-999.999
,,-999.999
,,-999.999
,,-999.999
,,-999.999
,,-999.999
,,-999.999
,,-999.999
,,-999.999
,,-999.999
,,-999.999
,,-999.999
,,-999.999
,,-999.999
,,-999.999
,,-999.999
,,-999.999
,,-999.999
,,-999.999
,,-999.999
,,-999.999
,,-999.999
,,-999.999
,,-999.999
,,-999.999
,,-999.999
,,-999.999
,,-999.999
,,-999.999
,,-999.999
,,-999.999
,,-999.999
,,-999.999
,,-999.999
,,-999.999
,,-999.999
,,-999.999
,,-999.999
,,-999.999
,,-999.999
,,-999.999
,,-999.999
,,-999.999
,,-999.999
,,-999.999
,,-999.999
,,-999.999
,,-999.999
,,-999.999
,,-999.999
,,-999.999
,,-999.999
,,-999.999
,,-999.999
,,-999.999
,,-999.999
,,-999.999
,,-999.999
,,-999.999
,,-999.999
,,-999.999
,,-999.999
,,-999.999
,,-999.999
,,-999.999
,,-999.999
,,-999.999
,,-999.999
,,-999.999
,,-999.999
,,-999.999
,,-999.999
,,-999.999
,,-999.999
,,-999.999
,,-999.999
,,-999.999
,,-999.999
,,-999.999
,,-999.999
,,-999.999
,,-999.999
,,-999.999
,,-999.999
,,-999.999
,,-999.999
,,-999.999
,,-999.999
,,-999.999
,,-999.999
,,-999.999
,,-999.999
,,-999.999
,,-999.999
,,-999.999
,,-999.999
,,-999.999
,,-999.999
,,-999.999
,,-999.999
,,-999.999
,,-999.999
,,-999.999
,,-999.999
,,-999.999
,,-999.999
,,-999.999
,,-999.999
,,-999.999
,,-999.999
,,-999.999
,,-999.999
,,-999.999
,,-999.999
,,-999.999
,,-999.999
,,-999.999
,,-999.999
,,-999.999
,,-999.999
,,-999.999
,,-999.999
,,-999.999
,,-999.999
,,-999.999
,,-999.999
,,-999.999
,,-999.999
,,-999.999
,,-999.999
,,-999.999
,,-999.999
,,-999.999
,,-999.999
,,-999.999
,,-999.999
,,-999.999
,,-999.999
,,-999.999
,,-999.999
,,-999.999
,,-999.999
,,-999.999
,,-999.999
,,-999.999
,,-999.999
,,-999.999
,,-999.999
,,-999.999
,,-999.999
,,-999.999
,,-999.999
,,-999.999
,,-999.999
,,-999.999
,,-999.999
,,-999.999
,,-999.999
,,-999.999
,,-999.999
,,-999.999
,,-999.999
,,-999.999
,,-999.999
,,-999.999
,,-999.999
,,-999.999
,,-999.999
,,-999.999
,,-999.999
,,-999.999
,,-999.999
,,-999.999
,,-999.999
,,-999.999
,,-999.999
,,-999.999
,,-999.999
,,-999.999
,,-999.999
,,-999.999
,,-999.999
,,-999.999
,,-999.999
,,-999.999
,,-999.999
,,-999.999
,,-999.999
,,-999.999
,,-999.999
,,-999.999
,,-999.999
,,-999.999
,,-999.999
,,-999.999
,,-999.999
,,-999.999
,,-999.999
,,-999.999
,,-999.999
,,-999.999
,,-999.999
,,-999.999
,,-999.999
,,-999.999
,,-999.999
,,-999.999
,,-999.999
,,-999.999
,,-999.999
,,-999.999
,,-999.999
,,-999.999
,,-999.999
,,-999.999
,,-999.999
,,-999.999
,,-999.999
,,-999.999
,,-999.999
,,-999.999
,,-999.999
,,-999.999
,,-999.999
,,-999.999
,,-999.999
,,-999.999
,,-999.999
,,-999.999
,,-999.999
,,-999.999
,,-999.999
,,-999.999
,,-999.999
,,-999.999
,,-999.999
,,-999.999
,,-999.999
,,-999.999
,,-999.999
,,-999.999
,,-999.999
,,-999.999
,,-999.999
,,-999.999
,,-999.999
,,-999.999
,,-999.999
,,-999.999
,,-999.999
,,-999.999
,,-999.999
,,-999.999
,,-999.999
,,-999.999
,,-999.999
,,-999.999
,,-999.999
,,-999.999
,,-999.999
,,-999.999
,,-999.999
,,-999.999
,,-999.999
,,-999.999
,,-999.999
,,-999.999
,,-999.999
,,-999.999
,,-999.999
,,-999.999
,,-999.999
,,-999.999
,,-999.999
,,-999.999
,,-999.999
,,-999.999
,,-999.999
,,-999.999
,,-999.999
,,-999.999
,,-999.999
,,-999.999
,,-999.999
,,-999.999
,,-999.999
,,-999.999
,,-999.999
,,-999.999
,,-999.999
,,-999.999
,,-999.999
,,-999.999
,,-999.999
,,-999.999
,,-999.999
,,-999.999
,,-999.999
,,-999.999
,,-999.999
,,-999.999
,,-999.999
,,-999.999
,,-999.999
,,-999.999
,,-999.999
,,-999.999
,,-999.999
,,-999.999
,,-999.999
,,-999.999
,,-999.999
,,-999.999
,,-999.999
,,-999.999
,,-999.999
,,-999.999
,,-999.999
,,-999.999
,,-999.999
,,-999.999
,,-999.999
,,-999.999
,,-999.999
,,-999.999
,,-999.999
,,-999.999
,,-999.999
,,-999.999
,,-999.999
,,-999.999
,,-999.999
,,-999.999
,,-999.999
,,-999.999
,,-999.999
,,-999.999
,,-999.999
,,-999.999
,,-999.999
,,-999.999
,,-999.999
,,-999.999
,,-999.999
,,-999.999
,,-999.999
,,-999.999
,,-999.999
,,-999.999
,,-999.999
,,-999.999
,,-999.999
,,-999.999
,,-999.999
,,-999.999
,,-999.999
,,-999.999
,,-999.999
,,-999.999
,,-999.999
,,-999.999
,,-999.999
,,-999.999
,,-999.999
,,-999.999
,,-999.999
,,-999.999
,,-999.999
,,-999.999
,,-999.999
,,-999.999
,,-999.999
,,-999.999
,,-999.999
,,-999.999
,,-999.999
,,-999.999
,,-999.999
,,-999.999
,,-999.999
,,-999.999
,,-999.999
,,-999.999
,,-999.999
,,-999.999
,,-999.999
,,-999.999
,,-999.999
,,-999.999
,,-999.999
,,-999.999
,,-999.999
,,-999.999
,,-999.999
,,-999.999
,,-999.999
,,-999.999
,,-999.999
,,-999.999
,,-999.999
,,-999.999
,,-999.999
,,-999.999
,,-999.999
,,-999.999
,,-999.999
,,-999.999
,,-999.999
,,-999.999
,,-999.999
,,-999.999
,,-999.999
,,-999.999
,,-999.999
,,-999.999
,,-999.999
,,-999.999
,,-999.999
,,-999.999
,,-999.999
,,-999.999
,,-999.999
,,-999.999
,,-999.999
,,-999.999
,,-999.999
,,-999.999
,,-999.999
,,-999.999
,,-999.999
,,-999.999
,,-999.999
,,-999.999
,,-999.999
,,-999.999
,,-999.999
,,-999.999
,,-999.999
,,-999.999
,,-999.999
,,-999.999
,,-999.999
,,-999.999
,,-999.999
,,-999.999
,,-999.999
,,-999.999
,,-999.999
,,-999.999
,,-999.999
,,-999.999
,,-999.999
,,-999.999
,,-999.999
,,-999.999
,,-999.999
,,-999.999
,,-999.999
,,-999.999
,,-999.999
,,-999.999
,,-999.999
,,-999.999
,,-999.999
,,-999.999
,,-999.999
,,-999.999
,,-999.999
,,-999.999
,,-999.999
,,-999.999
,,-999.999
,,-999.999
,,-999.999
,,-999.999
,,-999.999
,,-999.999
,,-999.999
,,-999.999
,,-999.999
,,-999.999
,,-999.999
,,-999.999
,,-999.999
,,-999.999
,,-999.999
,,-999.999
,,-999.999
,,-999.999
,,-999.999
,,-999.999
,,-999.999
,,-999.999
,,-999.999
,,-999.999
,,-999.999
,,-999.999
,,-999.999
,,-999.999
,,-999.999
,,-999.999
,,-999.999
,,-999.999
,,-999.999
,,-999.999
,,-999.999
,,-999.999
,,-999.999
,,-999.999
,,-999.999
,,-999.999
,,-999.999
,,-999.999
,,-999.999
,,-999.999
,,-999.999
,,-999.999
,,-999.999
,,-999.999
,,-999.999
,,-999.999
,,-999.999
,,-999.999
,,-999.999
,,-999.999
,,-999.999
,,-999.999
,,-999.999
,,-999.999
,,-999.999
,,-999.999
,,-999.999
,,-999.999
,,-999.999
,,-999.999
,,-999.999
,,-999.999
,,-999.999
,,-999.999
,,-999.999
,,-999.999
,,-999.999
,,-999.999
,,-999.999
,,-999.999
,,-999.999
,,-999.999
,,-999.999
,,-999.999
,,-999.999
,,-999.999
,,-999.999
,,-999.999
,,-999.999
,,-999.999
,,-999.999
,,-999.999
,,-999.999
,,-999.999
,,-999.999
,,-999.999
,,-999.999
,,-999.999
,,-999.999
,,-999.999
,,-999.999
,,-999.999
,,-999.999
,,-999.999
,,-999.999
,,-999.999
,,-999.999
,,-999.999
,,-999.999
,,-999.999
,,-999.999
,,-999.999
,,-999.999
,,-999.999
,,-999.999
,,-999.999
,,-999.999
,,-999.999
,,-999.999
,,-999.999
,,-999.999
,,-999.999
,,-999.999
,,-999.999
,,-999.999
,,-999.999
,,-999.999
,,-999.999
,,-999.999
,,-999.999
,,-999.999
,,-999.999
,,-999.999
,,-999.999
,,-999.999
,,-999.999
,,-999.999
,,-999.999
,,-999.999
,,-999.999
,,-999.999
,,-999.999
,,-999.999
,,-999.999
,,-999.999
,,-999.999
,,-999.999
,,-999.999
,,-999.999
,,-999.999
,,-999.999
,,-999.999
,,-999.999
,,-999.999
,,-999.999
,,-999.999
,,-999.999
,,-999.999
,,-999.999
,,-999.999
,,-999.999
,,-999.999
,,-999.999
,,-999.999
,,-999.999
,,-999.999
,,-999.999
,,-999.999
,,-999.999
,,-999.999
,,-999.999
,,-999.999
,,-999.999
,,-999.999
,,-999.999
,,-999.999
,,-999.999
,,-999.999
,,-999.999
,,-999.999
,,-999.999
,,-999.999
,,-999.999
,,-999.999
,,-999.999
,,-999.999
,,-999.999
,,-999.999
,,-999.999
,,-999.999
,,-999.999
,,-999.999
,,-999.999
,,-999.999
,,-999.999
,,-999.999
,,-999.999
,,-999.999
,,-999.999
,,-999.999
,,-999.999
,,-999.999
,,-999.999
,,-999.999
,,-999.999
,,-999.999
,,-999.999
,,-999.999
,,-999.999
,,-999.999
,,-999.999
,,-999.999
,,-999.999
,,-999.999
,,-999.999
,,-999.999
,,-999.999
,,-999.999
,,-999.999
,,-999.999
,,-999.999
,,-999.999
,,-999.999
,,-999.999
,,-999.999
,,-999.999
,,-999.999
,,-999.999
,,-999.999
,,-999.999
,,-999.999
,,-999.999
,,-999.999
,,-999.999
,,-999.999
,,-999.999
,,-999.999
,,-999.999
,,-999.999
,,-999.999
,,31.347
,,31.341
,,31.335
,,31.330
,,31.324
,,31.318
,,31.313
,,31.307
,,31.301
,,31.296
,,31.290
,,31.284
,,31.279
,,31.273
,,31.268
,,31.262
,,31.257
,,31.251
,,31.246
,,31.241
,,31.235
,,31.230
,,31.225
,,31.220
,,31.215
,,31.211
,,31.206
,,31.201
,,31.197
,,31.192
,,31.188
,,31.184
,,31.180
,,31.176
,,31.172
,,31.168
,,31.165
,,31.161
,,31.158
,,31.155
,,31.152
,,31.149
,,31.146
,,31.144
,,31.142
,,31.139
,,31.137
,,31.135
,,31.133
,,31.132
,,31.130
,,31.129
,,31.127
,,31.126
,,31.125
,,31.124
,,31.123
,,31.122
,,31.122
,,31.121
,,31.121
,,31.120
,,31.120
,,31.119
,,31.118
,,31.118
,,31.117
,,31.116
,,31.115
,,31.113
,,31.112
,,31.110
,,31.108
,,31.106
,,31.103
,,31.100
,,31.097
,,31.093
,,31.090
,,31.086
,,31.081
,,31.076
,,31.071
,,31.066
,,31.060
,,31.054
,,31.047
,,31.040
,,31.033
,,31.025
,,31.017
,,31.008
,,30.999
,,30.990
,,30.980
,,30.969
,,30.958
,,30.947
,,30.935
,,30.922
,,30.909
,,30.895
,,30.881
,,30.866
,,30.850
,,30.833
,,30.816
,,30.799
,,30.783
,,30.766
,,30.749
,,30.733
,,30.716
,,30.699
,,-999.999
,,-999.999
,,-999.999
,,-999.999
,,-999.999
,,-999.999
,,-999.999
,,-999.999
,,-999.999
,,-999.999
,,-999.999
,,-999.999
,,-999.999
,,-999.999
,,-999.999
,,-999.999
,,-999.999
,,-999.999
,,-999.999
,,-999.999
,,-999.999
,,-999.999
,,-999.999
,,-999.999
,,-999.999
,,-999.999
,,-999.999
,,-999.999
,,-999.999
,,-999.999
,,-999.999
,,-999.999
,,-999.999
,,-999.999
,,-999.999
,,-999.999
,,-999.999
,,-999.999
,,-999.999
,,-999.999
,,-999.999
,,-999.999
,,-999.999
,,-999.999
,,-999.999
,,-999.999
,,-999.999
,,-999.999
,,-999.999
,,-999.999
,,-999.999
,,-999.999
,,-999.999
,,-999.999
,,-999.999
,,-999.999
,,-999.999
,,-999.999
,,-999.999
,,-999.999
,,-999.999
,,-999.999
,,-999.999
,,-999.999
,,-999.999
,,-999.999
,,-999.999
,,-999.999
,,-999.999
,,-999.999
,,-999.999
,,-999.999
,,-999.999
,,-999.999
,,-999.999
,,-999.999
,,-999.999
,,-999.999
,,-999.999
,,-999.999
,,-999.999
,,-999.999
,,-999.999
,,-999.999
,,-999.999
,,-999.999
,,-999.999
,,-999.999
,,-999.999
,,-999.999
,,-999.999
,,-999.999
,,-999.999
,,-999.999
,,-999.999
,,-999.999
,,-999.999
,,-999.999
,,-999.999
,,-999.999
,,-999.999
,,-999.999
,,-999.999
,,-999.999
,,-999.999
,,-999.999
,,-999.999
,,-999.999
,,-999.999
,,-999.999
,,-999.999
,,-999.999
,,-999.999
,,-999.999
,,-999.999
,,-999.999
,,-999.999
,,-999.999
,,-999.999
,,-999.999
,,-999.999
,,-999.999
,,-999.999
,,-999.999
,,-999.999
,,-999.999
,,-999.999
,,-999.999
,,-999.999
,,-999.999
,,-999.999
,,-999.999
,,-999.999
,,-999.999
,,-999.999
,,-999.999
,,-999.999
,,-999.999
,,-999.999
,,-999.999
,,-999.999
,,-999.999
,,-999.999
,,-999.999
,,-999.999
,,-999.999
,,-999.999
,,-999.999
,,-999.999
,,-999.999
,,-999.999
,,-999.999
,,-999.999
,,-999.999
,,-999.999
,,-999.999
,,-999.999
,,-999.999
,,-999.999
,,-999.999
,,-999.999
,,-999.999
,,-999.999
,,-999.999
,,-999.999
,,-999.999
,,-999.999
,,-999.999
,,-999.999
,,-999.999
,,-999.999
,,-999.999
,,-999.999
,,-999.999
,,-999.999
,,-999.999
,,-999.999
,,-999.999
,,-999.999
,,-999.999
,,-999.999
,,-999.999
,,-999.999
,,-999.999
,,-999.999
,,-999.999
,,-999.999
,,-999.999
,,-999.999
,,-999.999
,,-999.999
,,-999.999
,,-999.999
,,-999.999
,,-999.999
,,-999.999
,,-999.999
,,-999.999
,,-999.999
,,-999.999
,,-999.999
,,-999.999
,,-999.999
,,-999.999
,,-999.999
,,-999.999
,,-999.999
,,-999.999
,,-999.999
,,-999.999
,,-999.999
,,-999.999
,,-999.999
,,-999.999
,,-999.999
,,-999.999
,,-999.999
,,-999.999
,,-999.999
,,-999.999
,,-999.999
,,-999.999
,,-999.999
,,-999.999
,,-999.999
,,-999.999
,,-999.999
,,-999.999
,,-999.999
,,-999.999
,,-999.999
,,-999.999
,,-999.999
,,-999.999
,,-999.999
,,-999.999
,,-999.999
,,-999.999
,,-999.999
,,-999.999
,,-999.999
,,-999.999
,,-999.999
,,-999.999
,,-999.999
,,-999.999
,,-999.999
,,-999.999
,,-999.999
,,-999.999
,,-999.999
,,-999.999
,,-999.999
,,-999.999
,,-999.999
,,-999.999
,,-999.999
,,-999.999
,,-999.999
,,-999.999
,,-999.999
,,-999.999
,,-999.999
,,-999.999
,,-999.999
,,-999.999
,,-999.999
,,-999.999
,,-999.999
,,-999.999
,,-999.999
,,-999.999
,,-999.999
,,-999.999
,,-999.999
,,-999.999
,,-999.999
,,-999.999
,,-999.999
,,-999.999
,,-999.999
,,-999.999
,,-999.999
,,-999.999
,,-999.999
,,-999.999
,,-999.999
,,-999.999
,,-999.999
,,-999.999
,,-999.999
,,-999.999
,,-999.999
,,-999.999
,,-999.999
,,-999.999
,,-999.999
,,-999.999
,,-999.999
,,-999.999
,,-999.999
,,-999.999
,,-999.999
,,-999.999
,,-999.999
,,-999.999
,,-999.999
,,-999.999
,,-999.999
,,-999.999
,,-999.999
,,-999.999
,,-999.999
,,-999.999
,,-999.999
,,-999.999
,,-999.999
,,-999.999
,,-999.999
,,-999.999
,,-999.999
,,-999.999
,,-999.999
,,-999.999
,,-999.999
,,-999.999
,,-999.999
,,-999.999
,,-999.999
,,-999.999
,,-999.999
,,-999.999
,,-999.999
,,-999.999
,,-999.999
,,-999.999
,,-999.999
,,-999.999
,,-999.999
,,-999.999
,,-999.999
,,-999.999
,,-999.999
,,-999.999
,,-999.999
,,-999.999
,,-999.999
,,-999.999
,,-999.999
,,-999.999
,,-999.999
,,-999.999
,,-999.999
,,-999.999
,,-999.999
,,-999.999
,,-999.999
,,-999.999
,,-999.999
,,-999.999
,,-999.999
,,-999.999
,,-999.999
,,-999.999
,,-999.999
,,-999.999
,,-999.999
,,-999.999
,,-999.999
,,-999.999
,,-999.999
,,-999.999
,,-999.999
,,-999.999
,,-999.999
,,-999.999
,,-999.999
,,-999.999
,,-999.999
,,-999.999
,,-999.999
,,-999.999
,,-999.999
,,-999.999
,,-999.999
,,-999.999
,,-999.999
,,-999.999
,,-999.999
,,-999.999
,,-999.999
,,-999.999
,,-999.999
,,-999.999
,,-999.999
,,-999.999
,,-999.999
,,-999.999
,,-999.999
,,-999.999
,,-999.999
,,-999.999
,,-999.999
,,-999.999
,,-999.999
,,-999.999
,,-999.999
,,-999.999
,,-999.999
,,-999.999
,,-999.999
,,-999.999
,,-999.999
,,-999.999
,,-999.999
,,-999.999
,,-999.999
,,-999.999
,,-999.999
,,-999.999
,,-999.999
,,-999.999
,,-999.999
,,-999.999
,,-999.999
,,-999.999
,,-999.999
,,-999.999
,,-999.999
,,-999.999
,,-999.999
,,-999.999
,,-999.999
,,-999.999
,,-999.999
,,-999.999
,,-999.999
,,-999.999
,,-999.999
,,-999.999
,,-999.999
,,-999.999
,,-999.999
,,-999.999
,,-999.999
,,-999.999
,,-999.999
,,-999.999
,,-999.999
,,-999.999
,,-999.999
,,-999.999
,,-999.999
,,-999.999
,,-999.999
,,-999.999
,,-999.999
,,-999.999
,,-999.999
,,-999.999
,,-999.999
,,-999.999
,,-999.999
,,-999.999
,,-999.999
,,-999.999
,,-999.999
,,-999.999
,,-999.999
,,-999.999
,,-999.999
,,-999.999
,,-999.999
,,-999.999
,,-999.999
,,-999.999
,,-999.999
,,-999.999
,,-999.999
,,-999.999
,,-999.999
,,-999.999
,,-999.999
,,-999.999
,,-999.999
,,-999.999
,,-999.999
,,-999.999
,,-999.999
,,-999.999
,,-999.999
,,-999.999
,,-999.999
,,-999.999
,,-999.999
,,-999.999
,,-999.999
,,-999.999
,,-999.999
,,-999.999
,,-999.999
,,-999.999
,,-999.999
,,-999.999
,,-999.999
,,-999.999
,,-999.999
,,-999.999
,,-999.999
,,-999.999
,,-999.999
,,-999.999
,,-999.999
,,-999.999
,,-999.999
,,-999.999
,,-999.999
,,-999.999
,,-999.999
,,-999.999
,,-999.999
,,-999.999
,,-999.999
,,-999.999
,,-999.999
,,-999.999
,,-999.999
,,-999.999
,,-999.999
,,-999.999
